,uid,sub_uid,building,pl_base_iou,pl_seg_gt_iou,pl_seg_infer_iou,computer,t_laplacian,t_bilateral,t_mesh,t_fastga_total,t_fastga_integrate,t_fastga_peak,t_polylidar_planepoly,t_polylidar_filter,t_classify_pointcloud,t_polylabel,iou_diff
0,0,0,Building7_Example4,0.9443516373958255,0.9517137186955847,0.9517137186955847,desktop,0.33810000000000784,0.4378000000000437,0.16929999999992784,3.4870999999999652,1.0327999999999449,2.4543000000000204,0.917100000000004,1.9873999999999725,1.7377999999999998,0.06529999999993485,-0.007362081299759238
1,0,1,Building7_Example4,0.9447157122495448,0.9519914174407641,0.9519914174407641,desktop,0.34120000000004147,0.41720000000000645,0.15659999999995122,3.768100000000052,1.0219999999999674,2.7461000000000846,0.9220000000000894,1.9652000000000003,2.025100000000002,0.06410000000001137,-0.007275705191219339
2,1,0,Building7_Example4,0.8951040325466241,0.9094128709606895,0.9094128709606895,desktop,0.3535000000000066,0.4851000000000161,0.2253999999999312,3.7509000000000015,0.9109999999999951,2.8399000000000063,1.2271000000000365,3.318199999999938,1.8556000000000683,0.06700000000003925,-0.014308838414065383
3,1,1,Building7_Example4,0.8955259110517003,0.9098274395884,0.9098207782991725,desktop,0.3932000000000935,0.6129000000000273,0.22840000000001748,3.613199999999983,0.9265999999999996,2.6865999999999834,1.1468000000000034,3.579899999999969,1.8051999999999513,0.064000000000064,-0.014301528536699637
4,2,0,Building7_Example4,0.9432669006548424,0.9499523451816663,0.9499523451816663,desktop,0.4034000000000537,0.4229999999999512,0.13379999999996173,3.3754999999999757,0.7061999999999902,2.6692999999999856,0.7740000000000524,1.8441999999999625,1.484299999999994,0.053999999999998494,-0.006685444526823847
5,2,1,Building7_Example4,0.9473078890874249,0.9549940172865435,0.9549940172865435,desktop,0.3653999999999602,0.4563000000000761,0.14210000000003387,3.5177999999999043,0.7272999999999863,2.790499999999918,0.9261000000000408,1.7800999999999512,1.5139999999999043,0.05050000000006438,-0.007686128199118625
6,3,0,Building7_Example4,0.9474128110850734,0.9608670912240271,0.9605274692531865,desktop,0.3526999999999836,0.6069000000000768,0.2455000000000096,3.5703999999998626,0.9096999999999023,2.6606999999999603,1.1898000000000186,3.051000000000026,1.8588999999999967,0.040400000000051506,-0.013454280138953778
7,3,1,Building7_Example4,0.9448663689644008,0.9592223275295775,0.9563009618209434,desktop,0.37639999999994345,0.4395000000001481,0.15060000000000073,3.5321999999999854,0.9113000000000593,2.620899999999926,0.948299999999902,2.6752000000000997,1.8269000000001867,0.03529999999996036,-0.014355958565176685
8,4,0,Building7_Example4,0.959804507493555,0.9652219513863177,0.9652219513863177,desktop,0.33199999999999896,0.42480000000000295,0.17169999999988583,3.8738999999998747,0.9940999999999978,2.879799999999877,1.0110000000000952,2.304300000000037,1.6935000000000144,0.042600000000003746,-0.005417443892762774
9,4,1,Building7_Example4,0.9585177862379356,0.9667768083158161,0.9667768083158161,desktop,0.34650000000002734,0.4816999999999183,0.16950000000015564,3.636600000000101,0.9087000000000955,2.7279000000000053,0.95629999999991,2.519500000000008,1.750200000000035,0.03649999999999487,-0.00825902207788054
10,6,0,Building7_Example5,0.8087570618348693,0.8202196043398866,0.8211665971466091,desktop,0.35610000000008135,0.42540000000013123,0.16649999999995835,3.9340999999999404,0.9373999999999771,2.9966999999999633,1.0189999999998811,3.3241999999999994,1.875000000000071,0.06269999999997111,-0.011462542505017326
11,6,1,Building7_Example5,0.8098265788550335,0.8201265141699707,0.8207715898718734,desktop,0.334400000000068,0.4249999999998977,0.15969999999998485,3.7104000000001136,0.9352000000000249,2.7752000000000887,0.9789000000000048,2.598499999999948,1.8155999999998063,0.058200000000008245,-0.010299935314937225
12,7,0,Building7_Example5,0.925583094139666,0.9289251863768989,0.9289251450399238,desktop,0.32889999999996533,0.4276999999999198,0.15159999999991847,3.2727999999999646,0.719499999999984,2.5532999999999806,0.751500000000016,2.1302999999999184,1.5921999999999326,0.05890000000019491,-0.0033420922372329187
13,7,1,Building7_Example5,0.925583094139666,0.9289251863768989,0.9289251863768989,desktop,0.3374000000000432,0.5975000000000286,0.15759999999986896,3.507600000000055,0.7258000000001097,2.7817999999999454,0.7439000000000195,2.1761999999998505,1.6448000000000018,0.05499999999991623,-0.0033420922372329187
14,8,0,Building7_Example5,0.8530505015762181,0.8508631615127605,0.849460638729559,desktop,0.3830000000000222,0.4380999999999968,0.25479999999999947,3.821400000000086,0.9673000000001153,2.8540999999999705,1.0966000000001142,3.8161999999999363,1.7213000000000367,0.04500000000007276,0.0021873400634575546
15,8,1,Building7_Example5,0.8470202374947031,0.8492149395844543,0.8474953378201828,desktop,0.3322999999999521,0.4368999999999623,0.14329999999995735,3.777699999999884,0.9543999999999109,2.823299999999973,0.9582000000001312,4.104600000000014,2.2514000000000145,0.06159999999999499,-0.0021947020897511438
16,9,0,Building7_Example5,0.8852392680278948,0.8899240500744026,0.8899240528323357,desktop,0.36829999999987706,0.5251000000001671,0.156800000000068,3.9794000000001883,0.9472000000001479,3.0322000000000404,1.04800000000016,2.101100000000189,1.8078999999999734,0.05069999999984809,-0.004684782046507796
17,9,1,Building7_Example5,0.8838651811903877,0.8845691391500818,0.8845691391500818,desktop,0.336800000000137,0.44900000000014373,0.18180000000000973,3.717700000000157,0.9400999999999993,2.7776000000001577,0.8822000000001662,2.284600000000081,1.7879000000000644,0.05159999999992948,-0.0007039579596941348
18,10,0,Building1_Example_Enhanced,0.9068359010401928,0.9229421658767316,0.9229421658767316,desktop,0.36589999999980805,0.4184999999998773,0.23240000000024352,3.5739000000001298,0.9839999999998739,2.589900000000256,0.9135000000002336,6.521000000000221,1.7802000000000096,0.07869999999998711,-0.016106264836538764
19,10,1,Building1_Example_Enhanced,0.9000805368313906,0.9224469307718076,0.9224469307718076,desktop,0.36089999999999733,0.40919999999999845,0.1710000000003653,4.030999999999896,0.9747999999998314,3.0562000000000644,0.883500000000037,7.2288999999998715,1.7622999999997724,0.08790000000002962,-0.022366393940417062
20,11,0,Building1_Example_Enhanced,0.921290678235878,0.9493573095228228,0.9487080829653347,desktop,0.3663000000000416,0.42070000000027363,0.1840999999997983,3.4521999999999053,1.0056999999998872,2.446500000000018,0.921899999999809,5.940000000000278,1.8264999999999532,0.11830000000001561,-0.028066631286944865
21,11,1,Building1_Example_Enhanced,0.9221626301123671,0.9467058096133659,0.946633291135951,desktop,0.3741999999999912,0.5870999999997295,0.22140000000003823,4.213200000000139,1.1611999999998623,3.0520000000002767,1.4444000000000123,8.644499999999944,1.7647000000002855,0.17110000000020165,-0.024543179500998824
22,12,0,Building1_Example_Enhanced,0.8471345117550364,0.8640407566218989,0.8640407566218989,desktop,0.330400000000175,0.42909999999984905,0.17259999999996722,3.5519999999995555,0.8548999999997697,2.697099999999786,0.8150000000002322,7.127699999999848,1.5341000000002047,0.10110000000018715,-0.01690624486686254
23,12,1,Building1_Example_Enhanced,0.8510169589997709,0.8665413377799634,0.8665413377799634,desktop,0.35410000000002384,0.4368999999999623,0.15490000000006887,3.5649999999995963,0.8505999999997016,2.7143999999998947,0.8060999999996987,7.143300000000075,1.7724000000001183,0.10360000000009251,-0.015524378780192527
24,13,0,Building1_Example_Enhanced,0.8879688476644858,0.9084663009943015,0.9094943064211607,desktop,0.35070000000025914,0.5030999999999786,0.19100000000005224,3.9528000000004226,1.0693000000001618,2.883500000000261,0.9744999999998782,6.851399999999952,1.783800000000113,0.09399999999981645,-0.020497453329815674
25,13,1,Building1_Example_Enhanced,0.8834203985811281,0.9083745470600452,0.9087122899964679,desktop,0.3978000000000037,0.6566999999999545,0.37559999999992044,3.9545999999996972,1.0669999999999291,2.887599999999768,0.875499999999807,6.8054000000001835,1.901099999999989,0.08080000000010301,-0.024954148478917082
26,14,0,Building1_Example_Enhanced,0.8751438574078251,0.8700237977249875,0.8694193807405376,desktop,0.3866999999999621,0.47389999999980503,0.23950000000017013,4.1301000000002475,1.1838000000001792,2.9463000000000683,1.113100000000422,12.380100000000116,1.8343999999999028,0.1016999999996493,0.005120059682837574
27,14,1,Building1_Example_Enhanced,0.8729890657256363,0.8719694116049423,0.8732359207524243,desktop,0.35829999999981155,0.4838000000000342,0.3459000000001211,4.006600000000304,1.1254000000002762,2.881200000000028,1.0072999999999332,9.505100000000155,1.7729000000001882,0.10890000000030042,0.0010196541206939358
28,15,0,Building1_Example,0.9037741475771444,0.9428962765472687,0.9428962765472687,desktop,0.3926000000000762,0.5861000000000338,0.2681999999998297,3.8147000000003928,0.9698000000000206,2.844900000000372,0.9120000000000239,6.743900000000025,1.8009999999999415,0.10600000000016152,-0.03912212897012435
29,15,1,Building1_Example,0.9136489159607869,0.9500066853013209,0.9502187015327127,desktop,0.3503000000000256,0.4976999999999343,0.38219999999977716,4.234100000000129,0.9923999999998934,3.241700000000236,0.9326999999998975,5.465100000000334,1.7945000000003652,0.11799999999961841,-0.03635776934053403
30,16,0,Building1_Example,0.8959881236250817,0.9393005379612469,0.9388990427017498,desktop,0.3644999999998788,0.4452999999999818,0.22980000000005774,3.5365000000000535,1.000000000000334,2.5364999999997195,1.0147999999996493,4.523100000000113,1.8262,0.0577000000001604,-0.04331241433616517
31,16,1,Building1_Example,0.8959881236250817,0.9393005379612469,0.9391523067784158,desktop,0.3390000000003113,0.425099999999734,0.22849999999996484,3.9668999999999954,1.01389999999979,2.9530000000002055,0.9882000000001057,4.718299999999953,1.793399999999945,0.05870000000030018,-0.04331241433616517
32,17,0,Building1_Example,0.9013838602467019,0.929249207739649,0.929249207739649,desktop,0.3537000000002344,0.4602000000000217,0.27599999999994296,3.8114999999994126,0.9902999999997775,2.821199999999635,0.879200000000413,7.181800000000127,1.8412999999997126,0.08310000000033568,-0.027865347492947112
33,17,1,Building1_Example,0.9032317466822436,0.9304780799233157,0.9304780799233157,desktop,0.3444999999997478,0.4303000000001056,0.1610000000002998,4.229099999999875,0.9931999999999164,3.2358999999999583,0.8903999999998469,6.080100000000144,1.7705999999999555,0.1061999999998342,-0.027246333241072063
34,18,0,Building1_Example,0.9206780133237906,0.9563663140664428,0.9597240120914321,desktop,0.3492999999998858,0.41470000000032314,0.3383000000001246,4.47699999999962,1.0987999999998443,3.378199999999776,1.009600000000166,6.831899999999891,1.7970000000002706,0.15180000000025728,-0.03568830074265217
35,18,1,Building1_Example,0.9236229251028031,0.9574348585204389,0.9603175076068624,desktop,0.35100000000021225,0.5066000000000237,0.21859999999973567,3.6066999999997407,0.9593999999997216,2.647300000000019,0.9486000000000772,7.944000000000173,1.7496999999999652,0.12129999999999086,-0.033811933417635776
36,19,0,Building1_Example,0.912728269278993,0.9196102537959033,0.9205638119443472,desktop,0.3536999999997903,0.4379000000001021,0.16220000000011225,3.9298000000003164,0.9913000000003613,2.938499999999955,1.2086000000000041,9.617200000000103,1.837899999999948,0.10630000000011464,-0.0068819845169103555
37,19,1,Building1_Example,0.912728269278993,0.9196102537959033,0.9206870445514431,desktop,0.3637000000002999,0.5284999999997098,0.15989999999987958,4.47910000000018,1.2378000000001776,3.2413000000000025,1.2199999999999989,9.8796000000001,1.8610000000003346,0.10449999999995185,-0.0068819845169103555
38,20,0,Building5_Example,0.823208472158967,0.9346936132885051,0.9340388680164139,desktop,0.35589999999974253,0.4035000000000011,0.14619999999965216,3.9099000000000217,1.2232999999999272,2.6866000000000945,1.1316999999997357,8.304700000000054,1.7657999999998175,0.12419999999968567,-0.11148514112953811
39,20,1,Building5_Example,0.8179635223922185,0.9348874027605676,0.9349310114975822,desktop,0.3514000000000017,0.40370000000011785,0.16370000000032192,3.7882000000002414,1.0604000000000724,2.727800000000169,0.943499999999986,8.907600000000127,1.8554000000001736,0.12060000000024829,-0.11692388036834911
40,21,0,Building5_Example,0.806931214781734,0.9138814169174825,0.9144965281289321,desktop,0.3789000000002929,0.48870000000000857,0.29140000000005273,4.084000000000643,1.0780999999999707,3.005900000000672,0.9514999999993279,7.433600000000595,1.8047999999999398,0.09290000000028442,-0.10695020213574846
41,21,1,Building5_Example,0.8094059134869032,0.9148321938256005,0.9148321938256005,desktop,0.37819999999921805,0.9823000000004356,0.17079999999936035,3.5506000000005145,1.0578000000007748,2.4927999999997397,0.8596999999994637,5.9955000000000425,1.9169999999997245,0.07890000000010389,-0.10542628033869739
42,22,0,Building5_Example,0.7461978686768962,0.8841453199691987,0.8842450338571366,desktop,0.41699999999966764,1.6373999999999,0.1647000000000176,3.88759999999877,1.2063999999991637,2.681199999999606,1.0468000000001254,9.741700000000186,2.018200000000192,0.1011999999995794,-0.13794745129230246
43,22,1,Building5_Example,0.7473963117539549,0.8847564066130389,0.8830424233770386,desktop,0.3766999999994525,0.4408000000006851,0.17580000000005924,3.678800000000315,1.020800000000044,2.6580000000002713,0.9598999999997915,9.084099999999928,1.7773000000005368,0.09339999999991022,-0.13736009485908396
44,23,0,Building5_Example,0.8395164815577599,0.9480767432529985,0.9490941873314275,desktop,0.3486999999999796,0.4091000000006062,0.1496999999996973,4.403599999999841,1.0319000000000855,3.3716999999997554,0.8819000000004351,5.677500000000002,1.812600000000053,0.07360000000034006,-0.10856026169523858
45,23,1,Building5_Example,0.8354198057242613,0.946990148797366,0.9480842403072857,desktop,0.35070000000025914,0.8873999999998716,0.1651999999996434,3.7650999999998547,1.0371999999998494,2.7279000000000053,0.8616999999997432,7.020699999999991,2.3789000000000726,0.0901999999998182,-0.11157034307310465
46,24,0,Building5_Example,0.8488481281070173,0.9072523584512421,0.9026490280009829,desktop,0.34249999999946823,0.4027999999998144,0.28199999999944936,3.826500000000621,0.9293000000001328,2.8972000000004883,0.9876000000001994,3.751799999999861,1.7503999999997077,0.06370000000011089,-0.05840423034422482
47,24,1,Building5_Example,0.8476208569710703,0.9033426329931387,0.8993054028876005,desktop,0.3358999999996115,0.6859999999999644,0.24219999999974817,3.8872000000003126,0.9423000000001736,2.944900000000139,1.106400000000285,4.181299999999943,1.7988000000004334,0.06320000000048509,-0.0557217760220684
48,30,0,Building7_Example2,0.952231285598497,0.9517221284047259,0.9459431737935755,desktop,0.31679999999933983,0.40890000000004534,0.1538999999999291,4.102000000000494,1.1510000000001241,2.95100000000037,0.9220000000000894,4.2032000000000735,1.8903999999997367,0.059499999999879094,0.0005091571937710926
49,30,1,Building7_Example2,0.9452487183650484,0.949662829631849,0.9423826761847174,desktop,0.3532000000001645,0.40710000000032665,0.15640000000072263,3.8311999999995905,0.9943000000003366,2.836899999999254,0.9525000000003558,4.2645000000005595,1.887799999999551,0.042999999999793204,-0.00441411126680058
50,31,0,Building7_Example2,0.9311065949885882,0.9495436103998854,0.9495571498079947,desktop,0.35699999999927456,0.4413000000003109,0.21230000000027616,4.012299999999414,1.0937999999995895,2.918499999999824,0.932000000000599,3.227800000000336,1.7985999999998725,0.040400000000495595,-0.018437015411297275
51,31,1,Building7_Example2,0.9304580474437923,0.9486214413841684,0.9486214413841684,desktop,0.357099999999555,0.4062000000004673,0.15359999999997598,3.795500000000729,0.9095000000005626,2.886000000000166,0.9531000000002621,2.969999999999473,1.6603999999995622,0.038700000000169155,-0.018163393940376027
52,32,0,Building7_Example2,0.9210596282522209,0.9394537382385303,0.9394537382385303,desktop,0.4618000000000677,0.5162000000007438,0.22479999999980294,4.2453999999994,1.2124000000000024,3.0329999999993973,1.4105000000004253,8.914200000000427,1.9670000000004961,0.06079999999997199,-0.018394109986309415
53,32,1,Building7_Example2,0.9201366466949558,0.9401406214606481,0.940169534591112,desktop,0.3817999999995436,0.4979000000000511,0.7690000000000197,4.266799999999904,1.0097000000000023,3.2570999999999017,0.9752000000000649,6.173600000000334,1.9401999999999475,0.06290000000053197,-0.02000397476569238
54,33,0,Building7_Example2,0.8997978244807938,0.9153539747758078,0.9166234459402788,desktop,0.3212000000001325,0.4448999999997483,0.20129999999962678,3.835899999999448,0.9459999999998914,2.8898999999995567,1.0444000000005005,4.084600000000549,1.7620999999996556,0.04880000000007101,-0.015556150295014004
55,33,1,Building7_Example2,0.9044921321464683,0.9194406765324794,0.9194593452380538,desktop,0.35410000000002384,0.6294000000002242,0.2835000000001031,3.9234999999999687,0.9779000000005311,2.9455999999994376,1.0390999999998485,3.8530000000003284,1.8081999999992604,0.05599999999983396,-0.01494854438601112
56,34,0,Building7_Example2,0.9312037234748846,0.9538587603657056,0.9538587603657056,desktop,0.3339999999996124,0.411200000000278,0.3017999999999077,4.171600000000275,1.1388999999999427,3.0327000000003324,0.9781000000002038,3.007099999999596,1.7388000000000403,0.0548000000000215,-0.022655036890821045
57,34,1,Building7_Example2,0.9366897226254505,0.9534557389369503,0.9534557389369503,desktop,0.3766000000000602,0.5003999999999564,0.25530000000006936,3.786200000000406,1.1727999999999739,2.613400000000432,1.0657000000007244,3.2808000000006388,1.811500000000521,0.05469999999974107,-0.016766016311499876
58,35,0,Building_6_01_multi,0.9116631329259368,0.9021102705603092,0.9021102705603092,desktop,0.35489999999960276,0.44169999999965626,0.28799999999939985,4.382699999999851,1.2832999999998762,3.0993999999999744,1.13870000000027,6.242399999999648,1.713399999999865,0.16000000000016001,0.009552862365627579
59,35,1,Building_6_01_multi,0.909655008965236,0.9020926982062898,0.9018897674941114,desktop,0.35179999999979117,0.448299999999513,0.22910000000031516,3.93560000000015,1.0035999999997713,2.9320000000003787,1.0092999999997687,6.154800000000016,1.733100000000043,0.15769999999992734,0.0075623107589462
60,36,0,Building_6_01_multi,0.8832894690991956,0.8604500771967746,0.8604500771967746,desktop,0.3692000000006246,0.4374000000000322,0.18889999999949225,4.602500000000731,0.8637000000000228,3.7388000000007082,1.0529000000003563,9.129500000000235,1.5577000000002172,0.1516000000005846,0.022839391902421013
61,36,1,Building_6_01_multi,0.8919305637783262,0.8603679262756632,0.8606078208947704,desktop,0.34760000000044755,0.4302999999996615,0.15169999999997685,3.1984000000004897,0.8597000000003518,2.338700000000138,0.9423000000001736,6.040299999999554,1.5625999999997475,0.15380000000053684,0.03156263750266308
62,37,0,Building_6_01_multi,0.8775033340149268,0.8956891344080179,0.8953998436808628,desktop,0.3720999999998753,0.839200000000595,0.14890000000011838,3.8900000000010593,0.9949000000002428,2.8951000000008165,0.7998000000002392,3.091500000000025,1.6109000000001927,0.10689999999957678,-0.018185800393091145
63,37,1,Building_6_01_multi,0.8841123095315103,0.8906244817889208,0.8907449941389729,desktop,0.3475999999995594,0.4360999999999393,0.1462999999999326,3.8202999999992215,0.9335999999997568,2.8866999999994647,0.87840000000039,3.4842999999993296,1.7180000000003304,0.10019999999943963,-0.00651217225741052
64,38,0,Building_6_01_multi,0.8935153114856018,0.8972836876429554,0.8972836876429554,desktop,0.37930000000052644,0.4889999999999617,0.1590999999994125,3.7893000000002175,1.049100000000358,2.7401999999998594,1.1006000000000071,3.7811000000003148,1.7732999999999777,0.15140000000002374,-0.0037683761573535923
65,38,1,Building_6_01_multi,0.8993581588947882,0.8982885389023699,0.8980970666431131,desktop,0.3823000000000576,0.5014999999994885,0.17630000000057322,4.1941000000003115,1.0520999999998892,3.1420000000004222,1.0709000000002078,3.7978999999994656,1.8063000000001495,0.1505000000001644,0.0010696199924182803
66,39,0,Building_6_01_multi,0.8903411443426444,0.8831579216111819,0.8831579216111819,desktop,0.4159000000001356,0.7613000000006309,0.19130000000000535,5.063999999999069,1.2953999999991694,3.7685999999999,1.2604999999998867,5.293799999999571,1.6372000000002274,0.175700000000667,0.007183222731462546
67,39,1,Building_6_01_multi,0.889952822483352,0.8759213245756848,0.8759213245756848,desktop,0.35180000000067935,0.4376999999999853,0.15959999999992647,3.4957999999987166,0.9720999999993651,2.5236999999993515,0.8787000000003431,5.70109999999957,1.6809000000002072,0.1521000000002104,0.014031497907667112
68,40,0,Building_6_01_multi,0.6943055874917949,0.7892342855829175,0.7822340368779545,desktop,0.3514000000004458,0.43880000000040553,0.15530000000030242,4.053100000000143,1.0447999999998459,3.008300000000297,0.8385000000004084,8.735499999999341,1.7123999999997253,0.10219999999971918,-0.09492869809112259
69,40,1,Building_6_01_multi,0.6956143835883637,0.7971557207931691,0.7895745966394888,desktop,0.34599999999951336,0.45270000000030564,0.16839999999973543,4.040800000000289,1.0658000000001167,2.975000000000172,1.004800000000472,9.044800000000741,1.770200000000166,0.11280000000013501,-0.1015413372048054
70,41,0,Building_6_01_multi,0.7357129080431482,0.7955842252972767,0.7992483601473201,desktop,0.37120000000001596,0.44959999999960587,0.16679999999968942,4.067899999999902,1.0263999999997608,3.0415000000001413,1.0026000000005197,10.360499999999995,1.6268999999997646,0.06760000000038957,-0.05987131725412853
71,41,1,Building_6_01_multi,0.7334408556328069,0.8008721073807031,0.7987391685112785,desktop,0.33870000000035816,0.4343999999996129,0.14299999999956015,3.934800000000571,1.0117000000002818,2.9231000000002894,0.9652999999998357,10.72469999999992,1.703500000000524,0.07490000000043295,-0.06743125174789621
72,42,0,Building_6_01_multi,0.7021675185400018,0.7788826116559233,0.7854269718812741,desktop,0.424800000000225,0.43199999999998795,0.15330000000002286,4.050599999999349,1.0430999999995194,3.0074999999998298,0.9415999999999869,14.23289999999966,1.7583000000005455,0.13710000000077827,-0.0767150931159215
73,42,1,Building_6_01_multi,0.6971740388756849,0.7801438365417903,0.789665959379511,desktop,0.3614000000000672,0.45850000000058344,0.2038000000004203,4.037600000000197,1.0609999999999786,2.976600000000218,1.2796000000001584,14.584900000000012,1.7459999999998033,0.18779999999996022,-0.08296979766610546
74,43,0,Building_6_01_multi,0.6800601765206942,0.8186113848212535,0.8106679840057301,desktop,0.35959999999946035,0.4603999999996944,0.15699999999974068,3.9084999999996484,0.9605999999999781,2.9478999999996702,0.9755999999994103,9.25319999999985,1.6834999999995048,0.06910000000015515,-0.13855120830055934
75,43,1,Building_6_01_multi,0.6654628498203283,0.8140917912971153,0.7997087702655611,desktop,0.37700000000029377,0.5913999999993536,0.256000000000256,4.398799999999703,1.1643999999995103,3.2344000000001927,0.9911000000002446,10.437999999999725,1.9340999999997166,0.0881000000001464,-0.14862894147678696
76,44,0,Building_6_01_multi,0.7018220682569711,0.7848816066131491,0.6894720580906911,desktop,0.37269999999978154,0.8992000000000999,0.2377999999998437,4.76609999999944,1.0601000000001193,3.705999999999321,1.0442999999993319,13.03569999999965,1.7287999999995307,0.10040000000000049,-0.08305953835617796
77,44,1,Building_6_01_multi,0.7040631991168755,0.7800296624388786,0.7280618613929862,desktop,0.34810000000007335,0.5036000000000485,0.1728000000005281,4.310900000000117,1.153900000000263,3.1569999999998544,1.0889000000000593,14.638699999999893,1.7471000000002235,0.11519999999975994,-0.07596646332200307
78,45,0,Building6_Example,0.8257920211145178,0.9463240915547875,0.9471005850353839,desktop,0.3668000000001115,0.4040999999999073,0.30120000000000147,3.9008000000002596,1.0693000000001618,2.831500000000098,1.0982000000003822,13.412699999999944,1.768099999999606,0.1690999999999221,-0.1205320704402697
79,45,1,Building6_Example,0.83342319037042,0.9440784710978245,0.9440784710978245,desktop,0.38850000000056895,0.40840000000041954,0.13990000000063674,4.558700000000471,1.1452000000007345,3.413499999999736,1.2414000000005032,13.390000000000235,1.7655000000003085,0.15560000000025553,-0.11065528072740449
80,46,0,Building6_Example,0.812146731395219,0.9226879838910459,0.9233444759219233,desktop,0.49649999999967775,0.4224999999999923,0.288500000000802,4.12540000000039,1.0279999999998068,3.097400000000583,1.0279999999998068,11.835899999999455,1.866200000000262,0.1456000000006341,-0.11054125249582691
81,46,1,Building6_Example,0.8131004081975152,0.9151788359573321,0.9164779540017687,desktop,0.3571999999998354,0.40710000000032665,0.16079999999973893,4.002099999999231,1.1577999999996536,2.8442999999995777,1.0699000000009562,12.62419999999942,1.8288000000001858,0.18269999999986908,-0.1020784277598169
82,47,0,Building6_Example,0.8013388753632711,0.9236811508041737,0.9221838310535125,desktop,0.3448000000005891,0.40850000000069997,0.15319999999974243,3.9165000000007666,1.023700000001071,2.8927999999996956,1.1486000000004992,22.471200000000024,1.7680000000002138,0.24059999999970216,-0.12234227544090259
83,47,1,Building6_Example,0.8033762153816626,0.9254249915387952,0.9210029980571881,desktop,0.3552999999989481,0.4131000000011653,0.14160000000096318,3.6482999999982724,1.0339999999988692,2.614299999999403,1.1162000000002337,22.712100000001456,1.704099999999542,0.20810000000004436,-0.12204877615713261
84,48,0,Building6_Example,0.834391882515517,0.9168685040263056,0.917310393146214,desktop,0.35210000000063246,0.4200999999994792,0.14449999999932572,3.7206999999988,0.9740999999987565,2.7466000000000435,0.9811000000006231,12.497299999999711,1.7972000000003874,0.18889999999949225,-0.0824766215107886
85,48,1,Building6_Example,0.8410617206862703,0.9211705021820813,0.9222163170917919,desktop,0.39920000000037703,0.6324000000006436,0.3263000000011118,4.344599999999588,1.1980999999998687,3.146499999999719,1.0379999999994283,15.16510000000082,1.7966999999998734,0.20250000000032742,-0.08010878149581102
86,49,0,Building6_Example,0.8141710496377467,0.9189432268696495,0.9195203257099824,desktop,0.35699999999927456,0.4711999999997829,0.18679999999982044,3.942000000000334,1.0463000000004996,2.8956999999998345,1.2039999999995388,15.068300000001145,1.7303000000001845,0.36330000000006635,-0.1047721772319028
87,49,1,Building6_Example,0.8113269473568908,0.9178048869961976,0.9181875772384734,desktop,0.34039999999890824,0.4128999999988281,0.2753000000002004,4.08649999999966,1.0525000000001228,3.033999999999537,1.1323999999994783,15.374800000000022,1.7868000000014206,0.33069999999923994,-0.10647793963930674
88,50,0,Building2_Example2,0.9091966808224416,0.9208390535039402,0.9208347074775161,desktop,0.3625999999989915,0.41400000000102466,0.22799999999989495,3.481400000000079,1.0092999999997687,2.47210000000031,0.9101999999998611,5.645599999999362,1.896800000000809,0.09429999999888139,-0.011642372681498592
89,50,1,Building2_Example2,0.91320783585223,0.918142677103883,0.9191272638448422,desktop,0.36590000000025213,0.4185000000003214,0.5121999999992966,3.7298000000003384,0.9682000000008628,2.7615999999994756,0.8662000000008163,5.5157999999995155,1.859500000000125,0.09039999999949089,-0.004934841251652999
90,51,0,Building2_Example2,0.9169808634983514,0.9302602487613745,0.9316195411767256,desktop,0.586699999999496,0.4288999999992882,0.222900000000692,3.404099999999133,1.0127000000004216,2.3913999999987112,0.8943999999999619,6.004499999999524,1.8076999999987464,0.0821000000001959,-0.01327938526302308
91,51,1,Building2_Example2,0.9185180952802766,0.9234977861315611,0.9262968232212035,desktop,0.3362999999989569,0.41809999999919967,0.1451000000010083,3.862700000000885,1.0036000000006595,2.8591000000002254,0.8853999999995921,7.3582000000005365,1.745999999998915,0.07790000000085229,-0.004979690851284468
92,52,0,Building2_Example2,0.9300486211142167,0.9355153450406428,0.9355153450406428,desktop,0.377099999999686,0.4385999999989565,0.1382000000003103,3.984300000000829,1.0553000000008694,2.9289999999999594,1.0519999999996088,6.63420000000059,1.802700000000712,0.07480000000015252,-0.005466723926426109
93,52,1,Building2_Example2,0.9356841750930575,0.9354115981226606,0.9350572730563386,desktop,0.35169999999951074,0.5163000000010243,0.21379999999915356,3.982700000001671,0.9502000000001232,3.032500000001548,0.8943999999999619,6.029299999999793,1.8133000000002397,0.07749999999973056,0.0002725769703968428
94,53,0,Building2_Example2,0.904974908790081,0.9153145245922157,0.9166923817963544,desktop,0.3297999999993806,0.4443999999992343,0.14200000000030855,3.7391000000006613,0.9513000000005434,2.787800000000118,0.8627000000007712,5.331999999999226,1.704099999999542,0.09889999999934673,-0.010339615802134716
95,53,1,Building2_Example2,0.9046862796326411,0.9127833199078997,0.9141050837084601,desktop,0.37259999999861293,0.5164999999998088,0.14930000000035193,3.7528000000008888,0.9654000000001162,2.7874000000007726,0.8622000000002572,5.846199999998802,1.724099999998785,0.09230000000037819,-0.008097040275258593
96,54,0,Building2_Example2,0.9287970909045904,0.9480363498047836,0.9480363498047836,desktop,0.3846999999996825,0.47660000000071534,0.27870000000085327,4.171499999999995,1.1692000000014247,3.00229999999857,1.475799999999694,4.624399999999085,1.7823999999997397,0.11089999999924771,-0.01923925890019318
97,54,1,Building2_Example2,0.9295357860111636,0.9459943622662658,0.9455668455551766,desktop,0.3788999999994047,0.5465999999998417,0.3438999999989534,4.1423000000015975,1.130400000000975,3.0119000000006224,1.1578999999990458,3.8400000000002876,1.9417000000014895,0.10430000000027917,-0.016458576255102164
98,55,0,Building3_Example,0.8124958216052337,0.8773563079930577,0.8826528460159682,desktop,0.3485000000011951,0.4131999999987812,0.14609999999848355,4.192099999999144,1.1206999999995304,3.0713999999996133,0.909899999999908,7.986499999999452,1.731499999999997,0.14359999999946638,-0.06486048638782405
99,55,1,Building3_Example,0.8139643081697909,0.8779619275148107,0.8819848202203218,desktop,0.3370000000000317,0.4236000000013007,0.1412000000016178,3.9956000000014313,1.0258000000007428,2.9698000000006886,1.0349000000005049,7.969599999999133,1.7831000000008146,0.14179999999974768,-0.0639976193450198
100,56,0,Building3_Example,0.8185260310701757,0.8807128156830898,0.8791359888333606,desktop,0.35420000000030427,0.4208999999999463,0.1402999999999821,3.997100000001197,1.1825999999999226,2.8145000000012743,0.9822000000010433,9.161399999999986,1.9460999999996176,0.17879999999870222,-0.06218678461291405
101,56,1,Building3_Example,0.819441136322224,0.8758362269531782,0.8758362269531782,desktop,0.35349999999922943,0.4235000000001321,0.18859999999953914,3.883099999999473,1.1073000000010325,2.7757999999984406,0.9855999999999199,8.639700000001582,1.8098000000001946,0.17960000000094567,-0.05639509063095416
102,57,0,Building3_Example,0.8496474290466318,0.9148497660057706,0.9127771315162451,desktop,0.34489999999998133,0.40680000000037353,0.17589999999856332,3.926200000000435,1.057300000001149,2.868899999999286,1.0759999999994108,13.878800000000524,1.8929999999990343,0.11210000000083653,-0.0652023369591388
103,57,1,Building3_Example,0.8490580221379133,0.9107139340009643,0.9129301264991416,desktop,0.3504999999996983,0.4051000000000471,0.16359999999870922,3.9861999999981634,1.0668999999996487,2.9192999999985147,1.1183999999992977,14.227599999999896,1.8203999999997222,0.1201000000001784,-0.06165591186305108
104,58,0,Building3_Example,0.8120868248884101,0.8561814903929593,0.8588776237697248,desktop,0.34780000000012024,0.4134999999987343,0.15199999999992997,3.725900000000948,0.986400000000387,2.739500000000561,1.0915999999987491,16.38999999999946,1.784000000000674,0.16250000000006537,-0.04409466550454921
105,58,1,Building3_Example,0.8124030957307644,0.8521192770153257,0.8567981648909457,desktop,0.37700000000029377,0.4059000000005142,0.16719999999992297,3.937399999999869,0.996500000001177,2.940899999998692,1.078400000000812,12.032900000001234,1.735000000000042,0.16839999999973543,-0.039716181284561336
106,59,0,Building3_Example,0.839341294264991,0.8784691643702462,0.8880907179408826,desktop,0.3598000000000212,0.4349999999995191,0.10229999999999961,3.297200000000444,0.6603999999992283,2.636800000001216,0.6228000000003675,7.403000000000048,1.852099999998913,0.30349999999934596,-0.0391278701052552
107,59,1,Building3_Example,0.8465944176673638,0.8767269123992678,0.8876778780992621,desktop,0.35989999999941347,0.6621000000013311,0.3525999999993701,4.001399999999933,0.8754999999993629,3.12590000000057,0.7690999999994119,7.151999999999603,1.8467999999991491,0.3349000000003599,-0.030132494731904047
108,60,0,Building3_Example,0.7725046619179434,0.8899631153107982,0.8920106673030228,desktop,0.3351000000009208,0.7208999999992471,0.1679000000009978,3.9119000000003012,1.017100000000326,2.894799999999975,0.8345999999992415,10.344699999999207,1.7975999999997327,0.12460000000125149,-0.11745845339285477
109,60,1,Building3_Example,0.7727097833447213,0.9052071561874641,0.908647158909415,desktop,0.3261999999999432,0.4667999999998784,0.46769999999973777,4.300699999999935,1.2255999999997158,3.0751000000002193,0.8098000000007488,9.715199999998703,1.8325000000007918,0.12690000000148416,-0.13249737284274277
110,61,0,Building3_Example,0.8476331045321761,0.8943039063443162,0.9067025964331531,desktop,0.36929999999912866,0.43760000000148125,0.21650000000050795,3.9869000000010146,1.0098000000002827,2.977100000000732,0.8277000000003198,4.993199999999476,1.68910000000011,0.11850000000102057,-0.04667080181214012
111,61,1,Building3_Example,0.8368289153074804,0.891683199030867,0.9023933263911241,desktop,0.34879999999937183,0.4407999999997969,0.192500000000706,4.008499999999415,1.0078000000000031,3.000699999999412,0.9233000000001823,5.672600000000472,1.7727000000000714,0.08820000000042683,-0.05485428372338663
112,62,0,Building3_Example,0.7872384298841445,0.9069247887882915,0.9069247891261795,desktop,0.3075999999992973,0.4109000000003249,0.09219999999920958,3.403800000000956,0.5798000000005743,2.8240000000003818,0.5220999999995257,5.030400000000768,1.8292000000013076,0.13490000000082603,-0.11968635890414703
113,62,1,Building3_Example,0.7803455829618821,0.910130677967783,0.9094726487562174,desktop,0.3231999999986357,0.38980000000066184,0.13599999999946988,3.326200000000057,0.5819999999996384,2.7442000000004185,0.5285000000014861,4.844900000000152,1.8307000000010731,0.1650999999984748,-0.12978509500590096
114,63,0,Building3_Example,0.8299554880056766,0.8951484752193802,0.8962841287247076,desktop,0.34500000000114994,0.40019999999962863,0.15049999999838803,4.391500000000548,1.384599999999736,3.0069000000008117,0.8735000000008597,5.26089999999968,1.789099999999877,0.06199999999978445,-0.06519298721370359
115,63,1,Building3_Example,0.8173319377635059,0.8938809266996637,0.8960263726467765,desktop,0.37060000000010973,0.49130000000019436,0.16969999999894014,3.9780000000018134,1.0836000000011836,2.89440000000063,0.8917999999997761,5.996899999999528,1.8105999999988853,0.09820000000004825,-0.0765489889361578
116,64,0,Building3_Example,0.7717452359288667,0.8916185170579878,0.8905495095315933,desktop,0.35050000000147463,0.7140000000003255,0.21130000000013638,4.283500000001439,1.1686000000015184,3.1148999999999205,0.9218000000004167,13.859599999999972,1.8050000000009447,0.13370000000101356,-0.1198732811291211
117,64,1,Building3_Example,0.7778273631291706,0.8840942004929081,0.8861831723990699,desktop,0.35420000000030427,0.4496000000013822,0.1881999999984174,4.808099999999982,1.00160000000038,3.806499999999602,1.1079000000009387,11.244900000001223,1.7762000000001166,0.13620000000003074,-0.10626683736373754
118,65,0,Building1_Example2,0.8542756538669,0.9214255009509033,0.9258544995070428,desktop,0.3611000000010023,0.519799999999293,0.20589999999920394,4.086400000000268,1.0174999999996714,3.068900000000596,1.0057999999997236,3.9284000000012753,1.9900000000010465,0.08850000000037994,-0.06714984708400329
119,65,1,Building1_Example2,0.8582316712715403,0.9199029759577687,0.9241868120728265,desktop,0.3849000000002434,0.4175000000010698,0.15739999999908605,3.721100000001698,1.023200000000557,2.697900000001141,0.9422999999983972,3.633999999999915,1.8812000000014706,0.08750000000112834,-0.06167130468622839
120,66,0,Building1_Example2,0.8419170732839338,0.8796372212283893,0.878230766677667,desktop,0.3799999999998249,0.5398999999997045,0.22750000000115733,3.4538999999984554,0.8409999999994255,2.61289999999903,0.7771000000005301,5.670600000000192,1.5034000000007097,0.07989999999935549,-0.03772014794445544
121,66,1,Building1_Example2,0.8438204738935373,0.8756466703887587,0.874119312155894,desktop,0.36670000000071923,0.4319000000005957,0.1537000000002564,3.592100000000542,0.8454000000011064,2.7466999999994357,0.8698000000002537,5.912799999999052,1.6206000000007492,0.0926000000003313,-0.03182619649522134
122,67,0,Building1_Example2,0.8805297064503669,0.9410345032594005,0.9410483362842472,desktop,0.3548000000002105,0.5902999999989333,0.24900000000016576,3.9555000000000007,1.1185000000004663,2.8369999999995343,1.0839999999987526,7.387500000000102,1.701600000000525,0.12100000000003774,-0.060504796809033645
123,67,1,Building1_Example2,0.879409306623573,0.9402031659116864,0.9392760651680998,desktop,0.33489999999858355,0.44260000000129196,0.1842999999990269,3.685700000000125,1.014600000001309,2.671099999998816,0.9368999999992411,7.988599999999124,1.6799000000009556,0.12019999999957065,-0.06079385928811343
124,68,0,Building1_Example2,0.8477370377755665,0.8788696014896832,0.8783596966608901,desktop,0.36039999999992745,0.4334000000003613,0.2127000000005097,3.7645999999984525,1.0041999999987894,2.760399999999663,1.0215999999996228,12.172699999998926,1.8894999999989892,0.11569999999849756,-0.031132563714116657
125,68,1,Building1_Example2,0.8498615478595641,0.8750406934183098,0.8750100174852281,desktop,0.4049000000012626,0.42020000000064783,0.16440000000095267,4.280400000000739,0.992300000000057,3.288100000000682,1.1588000000006815,12.118100000000354,1.9230999999990672,0.11410000000111609,-0.025179145558745675
126,69,0,Building1_Example2,0.9106049884878367,0.958804083145318,0.9588422083865795,desktop,0.31919999999985293,0.4071999999997189,0.2836000000012717,3.6879000000009654,0.9683000000002551,2.7196000000007103,0.9969999999999146,4.180599999999757,1.802900000001273,0.11229999999962104,-0.04819909465748129
127,69,1,Building1_Example2,0.9133652712095619,0.9586500756383389,0.9603700739418398,desktop,0.34130000000054395,0.3994000000009379,0.17850000000052546,3.769600000001816,0.9641000000009115,2.8055000000009045,1.02240000000009,4.190300000001201,1.7890000000004846,0.11509999999859133,-0.045284804428777026
128,70,0,Building4_Example,0.8871565260060638,0.9123385630054175,0.912177447399427,desktop,0.35100000000021225,0.40949999999995157,0.1642000000003918,3.598500000000726,1.0069000000001438,2.5916000000005823,0.9359999999993818,7.0051000000006525,1.8381000000005088,0.21239999999878023,-0.02518203699935373
129,70,1,Building4_Example,0.8953488293805919,0.9189645577400581,0.9185368710593953,desktop,0.39469999999930394,0.6928999999988861,0.22639999999896077,4.167800000001165,1.0060999999996767,3.1617000000014883,1.0191999999999979,6.24559999999974,1.766100000001103,0.17010000000006187,-0.023615728359466237
130,71,0,Building4_Example,0.8894355754088263,0.9026740663090501,0.9026536103745335,desktop,0.35830000000025564,0.4204000000012087,0.17410000000062098,4.483699999999757,1.0262000000000882,3.457499999999669,1.0636000000001644,8.332900000000976,1.8092999999996806,0.1861999999999142,-0.013238490900223776
131,71,1,Building4_Example,0.893474019388178,0.9055209538483816,0.9057580355248975,desktop,0.34259999999974866,0.4750999999991734,0.2499000000000251,4.110700000001799,1.2104000000014992,2.9003000000003,0.97659999999955,7.289000000000101,1.9310000000007932,0.16440000000095267,-0.012046934460203551
132,72,0,Building4_Example,0.9165454767164084,0.9354743079037934,0.9350160783761648,desktop,0.33870000000035816,0.385000000001412,0.11939999999910356,3.3319000000009424,0.6794000000009959,2.6524999999999466,0.4948000000002395,3.260000000000929,1.733300000001492,0.1967000000000496,-0.018928831187384976
133,72,1,Building4_Example,0.9147214284740068,0.9315713740022028,0.9299360799939695,desktop,0.3155000000010233,0.3803999999991703,0.09729999999841255,3.403099999999881,0.660299999999836,2.742800000000045,0.5481999999989995,3.9239000000002022,2.0271000000011696,0.22050000000106706,-0.016849945528195964
134,73,0,Building4_Example,0.8875258411126388,0.9142097639699835,0.912095182103832,desktop,0.34799999999890474,0.4067000000009813,0.15600000000048908,3.932900000000572,1.1460999999997057,2.7868000000008664,0.9732000000006735,6.2861999999999085,1.767299999999139,0.1680999999997823,-0.026683922857344777
135,73,1,Building4_Example,0.8893548329582311,0.9187302171739529,0.9162973583139118,desktop,0.3647000000004397,0.41599999999952786,0.14649999999960528,4.305499999999185,1.357399999999842,2.948099999999343,0.9470999999994234,5.711399999999145,1.6879000000002975,0.17989999999912243,-0.029375384215721723
136,74,0,Building4_Example,0.900641037675235,0.9065281421393803,0.9072258714747546,desktop,0.3437999999995611,0.3753000000017437,0.09610000000037644,3.660999999999248,0.6831999999992178,2.9778000000000304,0.7660000000004885,6.631600000000404,1.817400000000191,0.18430000000080327,-0.00588710446414531
137,74,1,Building4_Example,0.9003716890079521,0.9060671062318583,0.9066112405005228,desktop,0.3376999999993302,0.6710999999999245,0.1566000000003953,3.853499999999954,0.6573999999996971,3.196100000000257,0.711499999999532,3.996400000000122,1.8202000000009377,0.1812000000001035,-0.005695417223906207
138,75,0,Building9_Example2,0.9041034914428274,0.8935678006022637,0.893709896362436,desktop,0.4382999999990034,0.5231999999999459,0.24570000000068148,3.918599999998662,1.14939999999919,2.769199999999472,1.1035000000010342,13.30210000000065,2.0433999999998065,0.18080000000075813,0.010535690840563716
139,75,1,Building9_Example2,0.9063922995964809,0.899201272590532,0.9009884596713619,desktop,0.3524000000005856,0.41840000000092914,0.15870000000006712,3.8777999999997093,1.0405000000002218,2.8372999999994875,1.1363000000006451,13.159399999999266,1.8513999999996145,0.17770000000005837,0.00719102700594898
140,76,0,Building9_Example2,0.9122116963385585,0.9083222688891548,0.9082365280958311,desktop,0.416299999999481,0.5059999999996734,0.20039999999887925,4.052199999998507,1.0283999999991522,3.023799999999355,1.1098999999994419,8.666700000000915,1.787500000000719,0.19759999999990896,0.003889427449403682
141,76,1,Building9_Example2,0.9136814403092374,0.9112620860820705,0.9119738358805064,desktop,0.3519000000000716,0.4238999999994775,0.14200000000030855,4.1260999999988,1.2159999999994398,2.9100999999993604,0.8985999999993055,7.538399999999612,1.7591000000010126,0.18500000000010175,0.002419354227166881
142,77,0,Building9_Example2,0.9228000508223917,0.904740079225518,0.9085443276661579,desktop,0.35830000000025564,0.4583000000000226,0.1897999999993516,4.198400000001712,1.229600000000275,2.968800000001437,1.018699999999484,11.066800000000043,1.766100000001103,0.19929999999845904,0.01805997159687367
143,77,1,Building9_Example2,0.9173947784344526,0.9019623223090848,0.9055960917411314,desktop,0.36799999999992394,0.4556999999998368,0.2069000000002319,4.112899999999087,1.2223000000002315,2.890599999998855,1.0373000000001298,11.01649999999843,1.7697999999999325,0.18180000000000973,0.01543245612536781
144,78,0,Building9_Example2,0.8966386287561544,0.9003403383060347,0.9040423384981003,desktop,0.34740000000077487,0.46269999999992706,0.2078999999994835,4.076299999999478,1.2080999999994901,2.8681999999999874,0.9078999999996284,6.710399999999339,1.6970999999994518,0.1364000000005916,-0.00370170954988025
145,78,1,Building9_Example2,0.8954761437252761,0.8955501200041103,0.8992241466928913,desktop,0.4847000000012258,0.47290000000010934,0.33870000000035816,4.233899999997348,1.2169999999986914,3.0168999999986568,1.0214999999984542,7.3550000000004445,1.7670000000009622,0.1679000000009978,-7.39762788342091e-05
146,79,0,Building9_Example2,0.9160003319611175,0.9013205838918018,0.9035352962897766,desktop,0.3533000000004449,0.46460000000081436,0.20459999999999923,4.117000000002591,1.2142000000014974,2.9028000000010934,1.1201999999990164,15.510899999998884,1.82199999999888,0.21529999999891913,0.014679748069315712
147,79,1,Building9_Example2,0.9202765637104097,0.8995894900043087,0.9002636503966188,desktop,0.35489999999960276,0.45590000000039765,0.5317000000015781,4.198399999998159,1.2291999999991532,2.969199999999006,1.0407000000007827,16.39210000000091,1.7607999999995627,0.18560000000000798,0.02068707370610101
148,80,0,Building9_Example,0.8404712357309365,0.8662815946542605,0.8689728325284832,desktop,0.36069999999988056,0.46460000000081436,0.20280000000028053,3.3725000000011107,1.0527000000006836,2.319800000000427,1.0780999999990826,15.357199999998628,1.8770000000003506,0.19660000000065736,-0.02581035892332395
149,80,1,Building9_Example,0.8404922305574549,0.8592163561109716,0.8639141500611021,desktop,0.3609000000004414,0.4638999999997395,0.22460000000101843,3.6668000000013024,1.2491000000007801,2.417700000000522,1.0810999999986137,15.614900000000986,1.8239999999991596,0.23170000000050095,-0.018724125553516657
150,81,0,Building9_Example,0.8394048685280302,0.8924616902789254,0.8962255914761085,desktop,0.3752999999999673,0.46869999999898937,0.20839999999999748,4.2314999999994996,1.3342999999998995,2.8971999999996,0.9660999999994146,7.431099999999802,1.7812999999993195,0.14929999999857557,-0.05305682175089521
151,81,1,Building9_Example,0.8444659886109857,0.8932215797968138,0.897830515650836,desktop,0.3548000000002105,0.4603999999996944,0.32779999999910103,4.2048000000001196,1.293600000000339,2.9111999999997806,0.9508999999994217,7.357299999998901,1.7891999999992692,0.19140000000028579,-0.04875559118582817
152,82,0,Building9_Example,0.8606120701070697,0.8956278733295832,0.8998380893026717,desktop,0.3676000000005786,0.46009999999974127,0.3520000000012402,4.250600000000659,1.3271000000010247,2.9234999999996347,1.1825000000005303,10.809899999999928,1.7589000000004518,0.2099000000015394,-0.03501580322251341
153,82,1,Building9_Example,0.8673300068128463,0.8945084050576074,0.9009318965739963,desktop,0.3630999999995055,0.45109999999937145,0.20890000000051145,4.0362999999992155,1.2995999999994012,2.7366999999998143,1.1170000000007008,10.766099999999668,1.7573999999989098,0.18289999999865358,-0.027178398244761093
154,83,0,Building9_Example,0.8524823019676244,0.879421599726504,0.8848278134740897,desktop,0.38159999999898275,0.5930000000002877,0.23969999999984282,3.4756999999991933,1.0809999999992215,2.394699999999972,0.9945000000008974,12.25379999999987,1.9220999999998156,0.1774999999994975,-0.0269392977588796
155,83,1,Building9_Example,0.8576049128469949,0.8824411880514884,0.8856680678614579,desktop,0.3638000000005803,0.45319999999904326,0.22910000000031516,4.24070000000043,1.2894000000009953,2.951299999999435,1.018699999999484,10.65150000000159,1.7882000000000176,0.1382000000003103,-0.024836275204493496
156,84,0,Building9_Example,0.8510816101419099,0.8742957824491808,0.8756823235335582,desktop,0.3814999999995905,0.46900000000071884,0.31060000000060484,4.268300000001446,1.292000000001181,2.976300000000265,1.0981000000001018,15.078799999999504,1.7665999999998405,0.21589999999882536,-0.023214172307270964
157,84,1,Building9_Example,0.8532460824594875,0.8743531668912248,0.876614697885735,desktop,0.36520000000095365,0.4563999999973589,0.20089999999939323,4.248900000000333,1.2957999999976266,2.9531000000027063,1.1328000000006,15.890599999998756,1.7611000000012922,0.1833999999973912,-0.021107084431737255
158,85,0,Building_2_02_Example,0.8410570515314882,0.8386446791263849,0.8306391532732087,desktop,0.3714999999999691,0.48110000000178843,0.20669999999967104,3.979300000001018,1.05920000000026,2.920100000000758,0.9867999999997323,6.875399999998422,1.712399999998837,0.06589999999917495,0.0024123724051033912
159,85,1,Building_2_02_Example,0.8361010851634872,0.8405610024516719,0.8318761592491026,desktop,0.339799999999002,0.4942999999997255,0.4483999999997934,4.232699999999312,1.046999999999798,3.185699999999514,0.9131999999993923,7.5701000000023555,1.7533000000007348,0.06839999999996849,-0.004459917288184623
160,86,0,Building_2_02_Example,0.9433192293457049,0.9248986121272174,0.9395189199876581,desktop,0.35920000000189134,0.4594000000004428,0.22859999999980118,3.587999999997038,1.20279999999795,2.385199999999088,0.9004999999966401,8.220800000000139,1.808399999998045,0.09670000000028267,0.018420617218487534
161,86,1,Building_2_02_Example,0.9440047316088134,0.9261542850846876,0.9370624550061576,desktop,0.6087000000007947,0.4576000000007241,0.20359999999897127,4.110399999998293,1.2061999999986028,2.9041999999996904,0.933500000002141,8.045800000001435,1.9138000000005206,0.1070999999974731,0.017850446524125818
162,87,0,Building_2_02_Example,0.8746934816989108,0.884941662429726,0.8873989918448997,desktop,0.3607999999992728,0.5063000000014029,0.2021000000027584,4.036500000001553,1.1144999999999072,2.9220000000016455,0.974799999998055,9.97560000000064,1.6923999999995942,0.10280000000051359,-0.010248180730815237
163,87,1,Building_2_02_Example,0.8683777215837566,0.8869422086442099,0.8864608710118373,desktop,0.36520000000095365,0.5530000000000257,0.2270000000024197,3.7565999999991107,0.989999999998048,2.7666000000010627,1.0690999999987127,11.593100000002465,1.6727000000003045,0.10280000000051359,-0.018564487060453327
164,88,0,Building_2_02_Example,0.9294203035663492,0.9222461262837438,0.9226475063462478,desktop,0.3607999999992728,0.5219000000025176,0.20530000000107407,3.400500000001472,0.88050000000095,2.520000000000522,1.0700999999997407,8.658900000000358,1.4815999999981955,0.1011999999995794,0.007174177282605387
165,88,1,Building_2_02_Example,0.9296074976096993,0.927553296695479,0.9268682434362384,desktop,0.3625999999989915,0.48009999999720776,0.6929999999982783,3.9775000000012994,0.8753000000005784,3.102200000000721,0.8423999999997989,7.730399999999804,1.4582000000018525,0.0955999999980861,0.002054200914220261
166,89,0,Building_2_02_Example,0.9409865872860369,0.9559829253657183,0.9541442093380834,desktop,0.4114000000008389,0.5607999999988067,0.22960000000082914,4.110599999997078,1.1079999999985546,3.002599999998523,1.0765999999975406,4.016400000001141,1.8619000000015262,0.05040000000278155,-0.01499633807968137
167,89,1,Building_2_02_Example,0.9471993691965951,0.9605925630833217,0.9597524929919621,desktop,0.36899999999917554,0.461399999998946,0.24520000000194386,4.508500000000026,1.132899999998216,3.3756000000018105,1.240899999999101,3.6529999999999063,1.9850999999988517,0.04869999999712604,-0.013393193886726662
168,90,0,Building_9_02,0.9126705671616887,0.9064845868793674,0.9064057509148958,desktop,0.37860000000122795,0.49719999999808806,0.20339999999663405,3.9464000000037913,1.012200000001684,2.9342000000021073,0.9562000000009618,8.596599999997068,1.6453999999974656,0.08719999999939887,0.006185980282321313
169,90,1,Building_9_02,0.9197547218931418,0.9105245009227667,0.9109195340124877,desktop,0.3683999999992693,0.486699999999729,0.19700000000000273,4.01820000000086,1.0620999999986225,2.9561000000022375,0.9228999999990606,8.416900000000282,1.6420000000003654,0.08550000000084879,0.00923022097037507
170,91,0,Building_9_02,0.9348574871152552,0.9337698054904607,0.9343871627307224,desktop,0.3662000000019816,0.49650000000056593,0.2099999999991553,4.030499999998938,1.088200000001649,2.9422999999972888,1.2204000000011206,5.869199999999353,1.7150000000007992,0.12720000000143727,0.0010876816247944454
171,91,1,Building_9_02,0.9321241522621256,0.9377120318492268,0.9376060625795181,desktop,0.38600000000243995,0.47969999999963875,0.20549999999985857,4.04010000000099,1.0957999999980927,2.9443000000028974,1.0492000000006385,6.067900000001458,1.7977000000009014,0.11510000000214404,-0.005587879587101163
172,92,0,Building_9_02,0.9232588720359918,0.9376208215037948,0.9376208215037948,desktop,0.35229999999941697,0.4865000000009445,0.19200000000196837,3.960599999995651,0.9860999999986575,2.9744999999969934,0.8820999999983314,3.4133999999994558,1.563700000001944,0.06649999999908118,-0.014361949467803004
173,92,1,Building_9_02,0.9265079669275498,0.9350192464851523,0.935019247985903,desktop,0.38089999999968427,0.5041000000005624,0.1986999999985528,3.9509999999971512,1.0198999999992964,2.931099999997855,0.8142000000006533,4.284699999999475,1.5701000000021281,0.07429999999786219,-0.008511279557602558
174,93,0,Building_9_02,0.9445329553415341,0.9422607095170573,0.9422607095170573,desktop,0.3580999999996948,0.4820999999992637,0.2099000000015394,3.7060000000010973,1.101000000002017,2.6049999999990803,1.0282999999979836,5.214199999997504,1.808300000000429,0.0934999999984143,0.002272245824476826
175,93,1,Building_9_02,0.9406278005814599,0.9421741605003426,0.9421263708387921,desktop,0.34469999999942047,0.48560000000108516,0.20569999999864308,3.996199999999561,1.1016999999995392,2.894500000000022,1.0289000000014425,5.907599999996904,1.741499999997842,0.09280000000089217,-0.0015463599188827448
176,94,0,Building_9_02,0.9051460601737391,0.8983541447475454,0.8983541447475454,desktop,0.3543000000014729,0.48439999999772,0.18610000000052196,3.962800000000044,1.0604000000000724,2.9023999999999717,1.0182000000007463,7.710299999999393,1.969100000000168,0.0936999999971988,0.006791915426193729
177,94,1,Building_9_02,0.9048752759972021,0.8990284154844344,0.8991586168926585,desktop,0.3486999999999796,0.5076999999999998,0.21139999999775227,3.962700000002428,1.0566000000018505,2.9061000000005777,1.0709000000019842,7.776199999998568,1.6920999999996411,0.10300000000285081,0.0058468605127677264
178,95,0,Building_9_01_tall,0.901734565997115,0.8807471871067366,0.881095186850064,desktop,0.34820000000124196,0.4975999999992098,0.24719999999689435,3.933199999995196,1.0224999999977058,2.9106999999974903,0.8995999999967808,9.406500000000761,1.5864999999983809,0.08169999999907418,0.020987378890378383
179,95,1,Building_9_01_tall,0.892832441771293,0.8780760996163756,0.8781896456780364,desktop,0.37079999999889424,0.4898000000004288,0.1792000000016003,3.946200000001454,1.0259999999995273,2.920200000001927,0.9420999999996127,7.1685000000023535,1.6883000000014192,0.1296999999986781,0.01475634215491739
180,96,0,Building_9_01_tall,0.9106128992473889,0.9041611721581877,0.9041610408660367,desktop,0.3589999999995541,0.4898000000004288,0.18260000000225318,3.881400000000923,0.9334000000009723,2.9479999999999507,0.8841000000003874,5.238399999999643,1.5007000000011317,0.09400000000070463,0.006451727089201165
181,96,1,Building_9_01_tall,0.9053886803678669,0.9083625500541046,0.9083623230415215,desktop,0.34240000000096416,0.5118000000017275,0.1905000000022028,3.8167999999991764,0.9116999999996267,2.9050999999995497,0.8856999999977688,4.2252999999981,1.539499999999805,0.06519999999810011,-0.0029738696862376957
182,97,0,Building_9_01_tall,0.9377324347690258,0.937123749382175,0.937123749382175,desktop,0.3703000000001566,0.47199999999847364,0.2195000000000391,4.043199999998137,1.1511999999989087,2.8919999999992285,1.126799999997985,9.48359999999937,1.8948999999999216,0.10139999999836391,0.0006086853868507713
183,97,1,Building_9_01_tall,0.9401270299172101,0.9364481378058183,0.9364481378058183,desktop,0.3601999999993666,0.48529999999757933,0.22590000000022314,4.188899999999052,1.1636999999993236,3.025199999999728,1.1083999999996763,9.281600000001333,1.7879999999976803,0.07429999999786219,0.0036788921113918294
184,98,0,Building_9_01_tall,0.9420185077187125,0.9301774661349195,0.930188702699209,desktop,0.37319999999851916,0.46430000000086125,0.21029999999910842,4.195899999999142,1.1818999999988478,3.014000000000294,0.985899999999873,7.482700000000619,1.7574000000024625,0.11970000000260939,0.011841041583793066
185,98,1,Building_9_01_tall,0.9420185077187125,0.9301774661349195,0.930188702699209,desktop,0.3699000000025876,0.4584999999970307,0.20759999999953038,4.174700000000087,1.1758999999997855,2.9988000000003012,1.1884000000002004,7.8285000000022364,1.7819000000010021,0.11970000000260939,0.011841041583793066
186,99,0,Building_9_01_tall,0.9218701720503111,0.9288637602654234,0.9301086752434702,desktop,0.26889999999824,0.5024999999996282,0.46080000000259247,4.335300000001041,1.1401000000006434,3.1952000000003977,1.0694999999998345,3.520399999999313,2.184200000002079,0.05230000000011614,-0.006993588215112312
187,99,1,Building_9_01_tall,0.9154434288241589,0.9287022150214764,0.9288629279113952,desktop,0.366100000000813,0.4938000000009879,0.21100000000018326,4.025099999999782,1.128099999998966,2.8970000000008156,1.0130000000003747,3.323199999996973,1.7858999999980085,0.053600000001097214,-0.013258786197317574
188,100,0,Building3_Example2,0.8336868166775747,0.9065381223970442,0.9065381223970442,desktop,0.33879999999797406,0.4553999999998837,0.19539999999906854,4.1359000000014134,1.176399999998523,2.9595000000028904,0.9616000000001179,7.268200000002167,1.8002000000016949,0.06700000000137152,-0.07285130571946952
189,100,1,Building3_Example2,0.8295535848888768,0.9056177826211359,0.9056177826211359,desktop,0.35559999999890124,0.4595000000016114,0.20169999999808397,4.071700000000789,1.1881000000002473,2.8836000000005413,0.9532999999990466,7.0584999999994125,1.7686999999995123,0.07989999999935549,-0.07606419773225914
190,101,0,Building3_Example2,0.7675860685775675,0.8798171328541667,0.8796649923914989,desktop,0.35400000000151977,0.46440000000202986,0.20130000000051496,4.261700000000701,1.21120000000019,3.050500000000511,0.8758999999969319,11.682300000000367,1.7491000000013912,0.12080000000125324,-0.11223106427659924
191,101,1,Building3_Example2,0.7675524351339481,0.8788307292208737,0.8743141223807456,desktop,0.3646999999986633,0.4631000000010488,0.2156999999982645,4.203600000000307,1.1849999999995475,3.0186000000007596,0.9578999999995119,12.912499999998772,1.751599999998632,0.14240000000143027,-0.11127829408692558
192,102,0,Building3_Example2,0.8272871633054483,0.9029316274103608,0.9103681847680589,desktop,0.3323000000001741,0.4593000000028269,0.20110000000173045,4.180800000000318,1.2281999999999016,2.952600000000416,0.8510000000008233,5.218299999999232,1.7869000000025892,0.10870000000196,-0.07564446410491255
193,102,1,Building3_Example2,0.8162175536235462,0.9209050905711218,0.923635576214335,desktop,0.3776000000002,0.467400000001561,0.19249999999715328,4.002200000002176,1.1913999999997316,2.8108000000024447,0.8888999999996372,6.199500000001024,1.7648999999977377,0.09969999999981383,-0.1046875369475756
194,103,0,Building3_Example2,0.7731278989101399,0.8930419576194152,0.8967633570246689,desktop,0.3814999999995905,0.4324000000011097,0.12070000000008463,3.563599999999667,0.7424000000000319,2.821199999999635,0.5699999999997374,5.647500000002026,1.7722999999989497,0.12810000000129662,-0.1199140587092753
195,103,1,Building3_Example2,0.7720660926743447,0.8895935094622254,0.8895935094622254,desktop,0.3582000000008634,0.4220999999979824,0.13660000000115247,3.959400000002944,0.7527000000031592,3.2066999999997847,0.5877000000005239,5.889499999998549,1.9026000000010868,0.19350000000173395,-0.1175274167878807
196,104,0,Building3_Example2,0.820437184830069,0.8907284177221291,0.9135414353832327,desktop,0.3435999999972239,0.4560999999974058,0.18060000000019727,4.175799999995178,1.2133999999974776,2.9623999999977,1.0361000000003173,9.253399999998635,1.8476999999990085,0.08260000000248624,-0.07029123289206007
197,104,1,Building3_Example2,0.8205089148119031,0.9042419234660986,0.9110822344956337,desktop,0.35409999999913566,0.45330000000021187,0.18590000000173745,4.150000000002763,1.2182000000002802,2.9318000000024824,0.9115000000008422,8.40809999999692,1.8771000000015192,0.0916000000010797,-0.08373300865419542
198,105,0,Building3_Example2,0.8181106927202023,0.8611601740241823,0.8621236115372731,desktop,0.3628999999989446,0.48350000000141335,0.22420000000167306,3.985400000001249,1.2615000000018028,2.723899999999446,1.0448000000025104,9.285600000001892,1.8324999999990155,0.07869999999954302,-0.04304948130398001
199,105,1,Building3_Example2,0.8157377807318985,0.8603730243662778,0.8609535168903851,desktop,0.3700000000002035,0.4577999999995086,0.20119999999934635,3.3576999999986867,1.0334999999983552,2.3242000000003316,0.8972999999983244,8.810499999999166,1.8881999999997845,0.07110000000309924,-0.04463524363437932
200,106,0,Building3_Example2,0.8285709497240953,0.9080779314143372,0.9091439219445927,desktop,0.35420000000030427,0.45270000000030564,0.18510000000304672,4.086699999998444,1.2232999999994831,2.863399999998961,0.9294000000004132,8.010399999999862,1.7545000000005473,0.09229999999860183,-0.07950698169024195
201,106,1,Building3_Example2,0.8285709497240953,0.9080779314143372,0.9091439219445927,desktop,0.31010000000009086,0.45670000000086475,0.3375000000005457,4.5594999999991614,1.2535000000006846,3.305999999998477,0.9709000000022172,7.949500000002274,1.821499999998366,0.09309999999729257,-0.07950698169024195
202,107,0,Building3_Example2,0.8436634950525569,0.9009336776901832,0.9009336776901832,desktop,0.3561000000011916,0.4860999999998228,0.1868000000015968,4.066999999999155,1.157499999997924,2.9095000000012305,0.895700000000943,8.53880000000018,1.7636000000003094,0.06790000000123086,-0.05727018263762629
203,107,1,Building3_Example2,0.8490567830180897,0.9025717588772549,0.9025717588772549,desktop,0.35219999999824836,0.4582999999982462,0.18940000000000623,4.126299999999361,1.1584000000013361,2.967899999998025,0.972099999998477,8.407400000002951,1.8443999999995242,0.07270000000048071,-0.053514975859165204
204,108,0,Building3_Example2,0.8409602360004047,0.9351429764354895,0.9369922874096063,desktop,0.3774000000014155,0.4671999999992238,0.1812999999977194,4.159300000001309,1.197600000001131,2.961700000000178,1.200099999998372,13.46810000000076,1.8940000000000623,0.08940000000023929,-0.09418274043508479
205,108,1,Building3_Example2,0.8513831567744756,0.9387613349590441,0.9431567647653473,desktop,0.4962999999982287,0.48120000000295704,0.2363000000009663,4.1456000000046345,1.1889000000024907,2.9567000000021437,1.0082000000011249,12.727200000000494,1.9801000000008173,0.07949999999823376,-0.0873781781845685
206,109,0,Building3_Example2,0.8233170379948481,0.8579245740235264,0.8612899155698128,desktop,0.3567999999987137,0.45659999999969614,0.19349999999818124,4.097600000001478,1.1722000000027322,2.9253999999987457,1.133199999998169,14.67530000000039,1.7619999999993752,0.10600000000238197,-0.034607536028678276
207,109,1,Building3_Example2,0.827859159042647,0.8600586603495626,0.8625533021480303,desktop,0.34829999999885786,0.4634000000010019,0.18980000000112796,4.155900000000656,1.2070000000008463,2.94889999999981,1.0364000000002704,12.524199999997876,1.911600000003233,0.13399999999919032,-0.03219950130691562
208,110,0,Building6_Example2,0.8883404450220928,0.9487608016856622,0.9495815519115677,desktop,0.35420000000030427,0.4710000000009984,0.21439999999728343,4.0690000000012105,1.1641000000004453,2.904900000000765,1.030499999998824,10.232099999999633,1.7522999999997069,0.09310000000084528,-0.060420356663569486
209,110,1,Building6_Example2,0.8862400555431925,0.9459396863420501,0.9467758390696066,desktop,0.379900000002209,0.456299999999743,0.22089999999863608,4.109899999999556,1.1665999999976862,2.9433000000018694,1.018999999999437,11.499799999999283,1.7962000000011358,0.1181999999992911,-0.05969963079885754
210,111,0,Building6_Example2,0.9213012158673873,0.9428931266865811,0.9427785604016308,desktop,0.3491000000011013,0.46670000000048617,0.20860000000055834,4.2710000000028,1.2849000000016986,2.9861000000011018,1.1067999999987421,10.296899999996612,1.747599999998073,0.1257000000016717,-0.02159191081919376
211,111,1,Building6_Example2,0.9211823499596414,0.9423918319665678,0.9424879522160412,desktop,0.35960000000301306,0.6480000000017583,0.2383999999970854,3.4131000000030554,1.0806000000016525,2.332500000001403,1.0266000000029862,10.86220000000182,1.764000000001431,0.1619999999995514,-0.021209482006926406
212,112,0,Building6_Example2,0.8966086956506574,0.9458261242000122,0.9479594761686329,desktop,0.4215999999992448,0.4634999999986178,0.32110000000074024,4.0751000000014415,1.1626000000006798,2.9125000000007617,0.9408999999998002,9.375200000000916,1.7439000000010196,0.11680000000069413,-0.04921742854935485
213,112,1,Building6_Example2,0.901632119210545,0.9480330351124052,0.9511769816648281,desktop,0.33250000000251134,0.452200000001568,0.33450000000101454,4.24329999999884,1.156099999999327,3.0871999999995126,0.9441999999992845,8.530700000001445,1.973800000001802,0.0992000000010762,-0.04640091590186024
214,113,0,Building6_Example2,0.916820437651095,0.9365809005629216,0.936325029992996,desktop,0.3734999999984723,0.4672000000027765,0.2385000000018067,4.117500000003105,1.2062000000021555,2.9113000000009492,0.9851000000011823,10.45310000000299,1.7545999999981632,0.15400000000198588,-0.01976046291182665
215,113,1,Building6_Example2,0.9174021749082093,0.9394456451984373,0.9394456451984373,desktop,0.360099999998198,0.47200000000202635,0.22080000000102018,4.166100000002615,1.2326000000015824,2.9335000000010325,1.0671999999978254,9.076600000000212,1.7794000000002086,0.13590000000007763,-0.022043470290228018
216,114,0,Building6_Example2,0.8764926556896867,0.9256467098318082,0.9263093721282026,desktop,0.3738000000019781,0.45859999999819934,0.1963000000024806,4.085799999998585,1.2034999999990248,2.88229999999956,1.135500000000178,11.305300000000074,1.8668999999995606,0.10569999999887614,-0.049154054142121484
217,114,1,Building6_Example2,0.879690861576404,0.9267970659803899,0.9266109789709073,desktop,0.35970000000062896,0.4555000000010523,0.20459999999999923,4.057799999998224,1.1809999999989884,2.8767999999992355,1.2082000000006587,11.751900000000148,1.9060000000017396,0.09939999999986071,-0.04710620440398594
218,115,0,Building2_Example3,0.772038948188223,0.7865783436997015,0.7872589146940883,desktop,0.3314000000003148,0.42469999999994457,0.11919999999676634,3.502199999996236,0.6202999999977976,2.8818999999984385,0.5878000000016925,4.294600000001481,1.8026999999989357,0.11579999999966617,-0.014539395511478426
219,115,1,Building2_Example3,0.7710929287364535,0.7869699588530497,0.7882798531020094,desktop,0.48539999999874794,0.4308000000001755,0.11299999999891952,3.676499999997418,0.7327999999979795,2.9436999999994384,0.6070999999998605,4.083000000001391,1.6301999999974726,0.14610000000203627,-0.015877030116596136
220,116,0,Building2_Example3,0.8804539934886345,0.8919491957149513,0.8932868062509746,desktop,0.358699999999601,0.45890000000170517,0.2424000000011972,4.0589000000004205,1.1729000000002543,2.886000000000166,0.8957999999985589,5.900499999999198,1.8388000000015836,0.11989999999784118,-0.011495202226316836
221,116,1,Building2_Example3,0.8865430683292489,0.8892734844329676,0.8909215760769389,desktop,0.3323000000001741,0.48190000000047917,0.6084999999984575,4.278500000001628,1.1729000000002543,3.105600000001374,0.9326999999998975,6.737300000001056,1.8793000000023596,0.09879999999995448,-0.0027304161037187136
222,117,0,Building2_Example3,0.8831991427288614,0.9049749456303628,0.9045316106018093,desktop,0.369800000001419,0.4732000000018388,0.3321999999990055,4.08700000000195,1.183400000002166,2.903599999999784,0.9538000000013369,7.256800000000396,1.728599999999858,0.16450000000034493,-0.021775802901501495
223,117,1,Building2_Example3,0.8730710911051401,0.9029477740632265,0.9030796184041026,desktop,0.3591999999983386,0.46109999999899287,0.2309999999994261,4.357000000002387,1.2302000000019575,3.1268000000004292,0.977499999997633,7.806399999999769,1.8053000000008979,0.1506999999989489,-0.02987668295808632
224,118,0,Building2_Example3,0.8312083961875679,0.8353793820562765,0.8315992846379313,desktop,0.347599999997783,0.47370000000057644,0.1983000000009838,4.2656000000000915,1.3180999999988785,2.947500000001213,0.9027999999986491,6.837999999998345,1.7733999999975936,0.09879999999995448,-0.0041709858687085655
225,118,1,Building2_Example3,0.8351995219543732,0.8360447174150413,0.8331327147626296,desktop,0.3752000000005751,0.4787999999997794,0.23360000000138825,4.364699999999999,1.3612000000016167,3.0034999999983825,0.9347000000019534,6.601599999999763,1.7856000000016081,0.09879999999995448,-0.00084519546066808
226,119,0,Building2_Example3,0.8655665131733253,0.8875370839678994,0.8880886408707525,desktop,0.5017999999985534,0.48180000000286327,0.22019999999756124,4.218099999999225,1.1887000000001535,3.0293999999990717,1.1086999999996294,6.4211000000007346,1.80790000000286,0.11389999999877887,-0.021970570794574096
227,119,1,Building2_Example3,0.8635920225297398,0.8880932288575745,0.8887098785540408,desktop,0.36319999999889774,0.4649000000007675,0.4214000000004603,4.048300000000893,1.1803999999990822,2.8679000000018107,1.1210999999988758,6.397899999999623,1.8118000000022505,0.12900000000115597,-0.0245012063278347
228,120,0,Building9_Example3,0.9664804199116613,0.9206043513105753,0.9240564264826736,desktop,0.37070000000127834,0.4805000000018822,0.21510000000191098,4.074800000001488,1.168200000002173,2.9065999999993153,0.9757000000014671,12.764499999999401,1.8692999999991855,0.1889999999988845,0.04587606860108606
229,120,1,Building9_Example3,0.9662863808433493,0.9258827610003636,0.9265464424268459,desktop,0.36109999999922593,0.4768000000012762,0.33120000000153027,4.068500000002473,1.164500000001567,2.904000000000906,1.077099999999831,12.791700000001072,1.7530000000007817,0.14669999999838979,0.04040361984298568
230,121,0,Building9_Example3,0.9708169695870463,0.9496055847029486,0.9504325814490256,desktop,0.36340000000123496,0.4998999999976661,0.3093000000014001,4.003499999996052,1.090999999998843,2.912499999997209,0.8383999999992398,6.204399999997889,1.7409000000014885,0.08929999999907068,0.021211384884097684
231,121,1,Building9_Example3,0.9581518153112878,0.950151120047779,0.9519131332990993,desktop,0.3372000000005926,0.4918000000024847,0.19169999999846254,4.044200000002718,1.0934000000020205,2.9508000000006973,0.903499999999724,5.53820000000016,1.7322000000028481,0.07700000000099294,0.008000695263508772
232,122,0,Building9_Example3,0.9616932060726395,0.9285743185881818,0.9300914552013585,desktop,0.3603000000005352,0.4899000000015974,0.2019000000004212,4.132600000001929,1.210100000001546,2.922500000000383,1.027400000001677,11.984200000000556,1.73769999999962,0.15929999999997335,0.03311888748445768
233,122,1,Building9_Example3,0.9629212446203811,0.9309827737593791,0.9324662490704281,desktop,0.3588999999983855,0.4865999999985604,0.20379999999775578,4.118800000000533,1.1818000000012319,2.9369999999993013,1.0107000000019184,11.112999999998152,1.865399999999795,0.13129999999961228,0.03193847086100199
234,123,0,Building9_Example3,0.9629749153599554,0.9571893402627104,0.9605045785168264,desktop,0.30599999999836314,0.4810000000006198,0.53129999999868,4.399699999996898,1.1488999999968996,3.250799999999998,0.822400000000556,6.267300000001086,1.730999999999483,0.07940000000061787,0.005785575097244977
235,123,1,Building9_Example3,0.9607962433009076,0.9548843968934205,0.9629619448897108,desktop,0.36940000000029727,0.47990000000197597,0.21399999999971442,4.058499999999299,1.1451999999998463,2.9132999999994524,0.8201999999997156,7.971600000001189,1.819799999999816,0.06469999999936249,0.005911846407487098
236,124,0,Building9_Example3,0.9642413840733651,0.9207993187493283,0.9205895911026404,desktop,0.4059000000005142,0.49139999999781026,0.34070000000241407,4.281700000003497,1.2134000000010303,3.0683000000024663,1.0657000000016126,14.344499999999982,1.9043000000031896,0.204399999997662,0.04344206532403683
237,124,1,Building9_Example3,0.9659432555623292,0.9221895377331536,0.924669389028346,desktop,0.358699999999601,0.4938000000009879,0.3568999999998823,3.7349000000013177,1.1858999999994069,2.549000000001911,1.0627000000020814,14.555900000001287,1.9889000000006263,0.18839999999897827,0.04375371782917559
238,125,0,Building6_Example3,0.8773001081171258,0.9027355511961235,0.9029524021503734,desktop,0.3451999999981581,0.456299999999743,0.19500000000149953,4.348999999997716,1.1914999999973475,3.1575000000003683,1.1161000000008414,8.008900000000096,1.8785000000001162,0.2253000000003169,-0.0254354430789977
239,125,1,Building6_Example3,0.8737030024790418,0.9012840646057186,0.9012242457845666,desktop,0.36689999999950373,0.45490000000114605,0.23679999999970391,4.560300000004958,1.1934000000017875,3.36690000000317,1.0364000000002704,8.994900000001138,1.7976999999973486,0.24360000000100968,-0.02758106212667688
240,126,0,Building6_Example3,0.8446092523554559,0.9004540852160983,0.901838207109512,desktop,0.27779999999921756,0.5001000000000033,0.3895000000007087,4.495699999999658,1.207499999999584,3.2882000000000744,1.1761999999997386,9.557900000000785,1.7478000000004101,0.16469999999912943,-0.055844832860642346
241,126,1,Building6_Example3,0.8394518258454788,0.9019131977755352,0.9061802201120366,desktop,0.35010000000212926,0.4734999999982392,0.358699999999601,4.124600000000811,1.1863999999981445,2.9382000000026665,1.127799999999013,9.709399999998425,1.799899999998189,0.15199999999992997,-0.06246137193005641
242,127,0,Building6_Example3,0.894176282075735,0.9269471420240984,0.9280115325144893,desktop,0.3928999999978089,0.45450000000002433,0.19149999999967804,4.022999999996557,1.1468999999983964,2.8760999999981607,0.9167000000012138,8.34130000000144,1.8587000000032106,0.14200000000030855,-0.032770859948363484
243,127,1,Building6_Example3,0.8978946116250204,0.932474079762751,0.9323627526524206,desktop,0.35150000000072623,0.47220000000081086,0.2081999999994366,3.3373999999994908,1.0028999999995847,2.334499999999906,0.9067999999992082,7.230299999999801,1.7656999999999812,0.22039999999989845,-0.03457946813773061
244,128,0,Building6_Example3,0.8329664228874877,0.8900449804749384,0.8928390761530672,desktop,0.3662999999995975,0.45630000000329574,0.21630000000172345,4.114000000001283,1.2033000000002403,2.910700000001043,0.9426999999995189,8.195100000001787,1.760000000000872,0.17970000000033792,-0.05707855758745073
245,128,1,Building6_Example3,0.8330995222593967,0.8889296654354789,0.8909667913557195,desktop,0.35560000000245395,0.4658000000006268,0.22759999999877323,3.817599999997867,1.2273000000000422,2.590299999997825,1.0969999999979052,9.063699999998676,1.7935000000015577,0.16120000000086065,-0.05583014317608226
246,129,0,Building6_Example3,0.8963559362412172,0.901678814753449,0.9058195646438826,desktop,0.35400000000151977,0.46049999999908664,0.19879999999972142,4.135899999997861,1.1893000000000598,2.946599999997801,1.2789000000026363,15.516500000000377,1.8595000000019013,0.34760000000133573,-0.005322878512231788
247,129,1,Building6_Example3,0.892168493591077,0.902116869418384,0.9048352642404963,desktop,0.38260000000178707,0.48180000000286327,0.35979999999824486,4.147200000002016,1.2086999999993964,2.9385000000026196,1.010199999999628,15.517000000002668,1.7734999999987622,0.29280000000042605,-0.00994837582730701
248,130,0,Building5_Example2,0.7873104608624255,0.904161087317644,0.904161087317644,desktop,0.3621000000002539,0.44880000000091513,0.1868999999992127,4.0730999999993855,1.1679999999998358,2.9050999999995497,0.9785999999998296,9.28350000000222,1.7795000000013772,0.13449999999792794,-0.11685062645521849
249,130,1,Building5_Example2,0.7906844703783125,0.9117648017291616,0.9118978298109272,desktop,0.3606000000004883,0.47049999999870806,0.21329999999863958,3.9741999999982625,1.1687999999985266,2.805399999999736,1.0912000000011801,9.792600000000817,1.8230999999993003,0.15190000000231407,-0.12108033135084917
250,131,0,Building5_Example2,0.7662127599356992,0.8762530899747267,0.8759022876912806,desktop,0.38039999999739393,0.46410000000207674,0.36189999999791667,4.277599999998216,1.2846999999993614,2.992899999998855,0.8797999999998751,6.9132999999972355,1.795800000000014,0.08080000000276755,-0.11004033003902758
251,131,1,Building5_Example2,0.762246789345385,0.8694542519218819,0.869367800640315,desktop,0.3549000000013791,0.45659999999969614,0.19349999999818124,4.1960999999979265,1.2748999999985244,2.921199999999402,0.8611999999992292,7.045700000002597,1.7780999999992275,0.08349999999879287,-0.10720746257649683
252,132,0,Building5_Example2,0.7926306613852593,0.9144498943774918,0.9142861481413631,desktop,0.35910000000072273,0.4629999999998802,0.2191000000024701,4.1720999999981245,1.2350999999988233,2.9369999999993013,0.960200000001521,7.929300000000694,1.7516999999998006,0.1409000000016647,-0.12181923299223252
253,132,1,Building5_Example2,0.799516575471994,0.9162551411777486,0.9166445851852955,desktop,0.3451000000005422,0.45880000000053656,0.20879999999934284,4.096000000000544,1.2158999999982711,2.8801000000022725,0.9470000000000312,7.8776999999981,1.8263000000011687,0.1105000000016787,-0.1167385657057547
254,133,0,Building5_Example2,0.7803268752715184,0.8788778588715439,0.8811961076917207,desktop,0.3679000000005317,0.4668999999992707,0.2175000000015359,4.232599999998143,1.2124000000000024,3.020199999998141,0.8902000000006183,6.769500000000761,1.8264000000023373,0.1183999999980756,-0.09855098360002545
255,133,1,Building5_Example2,0.7777729156630834,0.877394587664537,0.8792074560007257,desktop,0.3524000000005856,0.4694000000000642,0.2714999999966494,4.142000000001644,1.189899999999966,2.9521000000016784,0.898400000000521,7.950900000000871,1.742400000001254,0.13009999999979982,-0.09962167200145366
256,134,0,Building5_Example2,0.8612405968568104,0.9120455909159713,0.9139031269024025,desktop,0.3533000000004449,0.4686000000013735,0.2043000000000461,4.023100000001278,1.1079000000009387,2.9152000000003397,1.0221000000001368,4.659800000002434,1.7886000000011393,0.12499999999704414,-0.050804994059160835
257,134,1,Building5_Example2,0.8628353563737727,0.9144962451977996,0.9121312092379035,desktop,0.3776000000002,0.46220000000118944,0.22429999999928896,4.062300000001073,1.1375999999998498,2.9247000000012235,1.0134000000014964,5.059199999998043,1.7591000000010126,0.14919999999918332,-0.05166088882402686
258,135,0,Building7_Example3,0.8105495279642893,0.8950057747011144,0.895637989906295,desktop,0.3734000000008564,0.46430000000086125,0.19950000000079626,4.077299999998729,1.1462999999984902,2.931000000000239,0.9584000000018023,9.323200000000753,1.7668999999997936,0.09030000000009863,-0.08445624673682517
259,135,1,Building7_Example3,0.8137200071569185,0.8946413399687951,0.8935741388961586,desktop,0.35019999999974516,0.4694000000000642,0.20959999999803358,3.5630999999973767,1.1365999999988219,2.426499999998555,0.9316000000012536,9.35660000000027,1.74249999999887,0.09650000000149817,-0.08092133281187663
260,136,0,Building7_Example3,0.8831383927609358,0.9304087213936174,0.9304087213936174,desktop,0.3370000000018081,0.4597000000003959,0.2156000000006486,4.033700000000806,1.127700000001397,2.905999999999409,0.86390000000236,6.923100000001625,1.765100000000075,0.12459999999947513,-0.04727032863268166
261,136,1,Building7_Example3,0.8908703103163177,0.9311064609729615,0.9307039312578638,desktop,0.37310000000090326,0.4518000000004463,0.21580000000298583,4.260500000000889,1.1924000000007595,3.068100000000129,0.9294000000004132,7.399299999999442,1.7442999999985886,0.10230000000177597,-0.040236150656643765
262,137,0,Building7_Example3,0.8457073772110919,0.9487070222116575,0.9476725714889557,desktop,0.34830000000241057,0.45280000000147425,0.21430000000322025,4.11659999999614,1.18789999999791,2.92869999999823,0.9142000000004202,8.303999999998979,1.9990000000014163,0.13789999999858082,-0.10299964500056558
263,137,1,Building7_Example3,0.8443374656011738,0.9484377950809852,0.9467680352929951,desktop,0.34989999999979204,0.46640000000053305,0.22799999999989495,4.107900000001052,1.214900000000796,2.8930000000002565,0.9094999999987863,9.572900000001994,1.7686999999995123,0.13630000000119935,-0.1041003294798114
264,138,0,Building7_Example3,0.8049429081230577,0.8800825891473234,0.8800825891473234,desktop,0.35989999999941347,0.4634999999986178,0.20130000000051496,4.05280000000019,1.1036000000004265,2.949199999999763,0.9204000000018198,8.106500000000239,1.84110000000004,0.0838999999999146,-0.07513968102426571
265,138,1,Building7_Example3,0.811950767395913,0.88585662927601,0.88585662927601,desktop,0.5066999999989719,0.4556000000022209,0.23709999999965703,4.027299999997069,1.1060999999976673,2.921199999999402,0.9379000000002691,8.05220000000162,1.7913999999983332,0.0916000000010797,-0.07390586188009707
266,139,0,Building7_Example3,0.8732903797930719,0.9171302493000882,0.917170859641761,desktop,0.35180000000067935,0.45640000000091163,0.23589999999984457,4.08339999999896,1.1223999999998568,2.9609999999991032,1.1478999999994244,4.473199999999622,1.7840999999982898,0.08919999999790207,-0.04383986950701635
267,139,1,Building7_Example3,0.8681281280978667,0.9177957967178062,0.9166321530287311,desktop,0.38620000000122445,0.6575000000026421,0.22499999999681108,3.4692000000013934,0.9678000000015174,2.501399999999876,1.148300000000546,5.234900000001375,1.77929999999904,0.09490000000056398,-0.04966766861993954
268,140,0,Building_2_01_multi,0.8846294828803235,0.904108874938803,0.9019133936867659,desktop,0.3601000000017507,0.48579999999986967,0.2135000000009768,4.085799999998585,1.154499999998393,2.931300000000192,0.9841000000001543,6.775699999998608,1.9525999999991939,0.1031999999980826,-0.019479392058479483
269,140,1,Building_2_01_multi,0.8871876244939787,0.9092330109592627,0.9071651542560255,desktop,0.3562999999999761,0.5277000000027954,0.2497000000012406,4.091400000000078,1.1711000000005356,2.9202999999995427,1.0120999999969627,6.733799999999235,1.7442999999985886,0.08880000000033306,-0.022045386465283978
270,141,0,Building_2_01_multi,0.8729620447789205,0.892229839533592,0.8805286325618196,desktop,0.3492999999998858,0.49260000000117543,0.5677000000012811,3.9565999999986445,1.0337000000006924,2.922899999997952,0.9648999999996022,5.618000000001899,1.6348000000014906,0.09449999999944225,-0.019267794754671552
271,141,1,Building_2_01_multi,0.8729620447789205,0.892229839533592,0.8805286325618196,desktop,0.33849999999802094,0.6254000000005533,0.21680000000046107,4.0146999999990385,1.0142000000001872,3.0004999999988513,0.8365999999995211,4.402599999998813,1.6795000000016103,0.09380000000192013,-0.019267794754671552
272,142,0,Building_2_01_multi,0.8472208731932571,0.868956475047571,0.8683793053335844,desktop,0.35420000000030427,0.47809999999870456,0.20489999999995234,4.2862999999968565,1.2204999999987365,3.06579999999812,1.0478999999996574,5.8712999999990245,1.7983000000008076,0.12279999999975644,-0.02173560185431389
273,142,1,Building_2_01_multi,0.8433087838492719,0.8678179433442998,0.8669255599364405,desktop,0.35600000000002296,0.46679999999810207,0.2099000000015394,4.103700000001709,1.2188000000001864,2.8849000000015224,1.0629999999984818,5.827999999997502,1.7786999999991338,0.10639999999995098,-0.024509159495027966
274,143,0,Building_2_01_multi,0.7380661876675356,0.758414277794198,0.7576411584456847,desktop,0.32140000000069335,0.42990000000031614,0.10830000000083828,3.684899999996105,0.7640999999978249,2.9207999999982803,0.5713000000007185,2.990400000001614,1.785000000001702,0.0572999999981505,-0.020348090126662388
275,143,1,Building_2_01_multi,0.7689115829424513,0.7967831068153921,0.7956119121192257,desktop,0.35779999999974166,0.47749999999879833,0.22799999999989495,4.234900000000152,1.2579999999999814,2.976900000000171,1.0948000000006175,6.029900000001476,1.8177000000001442,0.0724999999981435,-0.027871523872940784
276,144,0,Building_2_01_multi,0.860277422880941,0.8833807761869005,0.8842521465523218,desktop,0.33880000000152677,0.4329999999974632,0.10780000000210066,3.614100000003617,0.679200000000435,2.934900000003182,0.5510000000015225,2.5906999999989466,1.755299999999238,0.07980000000173959,-0.023103353305959473
277,144,1,Building_2_01_multi,0.8586648877643311,0.8852105817456154,0.8859841577321396,desktop,0.3171000000001811,0.4211000000005072,0.10259999999817637,3.5468999999999085,0.6570999999979676,2.889800000001941,0.6266000000003658,2.5242999999974813,1.930900000001401,0.08559999999846468,-0.026545693981284257
278,145,0,Building_2_01_multi,0.8718662488062516,0.8824629436059614,0.8824629436059614,desktop,0.324599999999009,0.4497000000007745,0.12129999999999086,3.723300000000762,0.615700000000885,3.107599999999877,0.36509999999978504,2.7298999999985085,1.979200000000958,0.12080000000125324,-0.010596694799709816
279,145,1,Building_2_01_multi,0.8695753832430693,0.8813037104693132,0.8813037104693132,desktop,0.32420000000144,0.44899999999969964,0.11180000000265977,3.713199999999972,0.6213999999999942,3.091799999999978,0.3762999999992189,2.5657999999992853,1.9424999999984038,0.12889999999998736,-0.01172832722624395
280,146,0,Building_2_01_multi,0.91301325779655,0.9326178048130762,0.9284723494010457,desktop,0.37919999999758147,0.44510000000030914,0.23020000000073537,3.445499999997992,0.9043999999995833,2.5410999999984085,0.7120000000000459,2.18190000000007,1.8419000000022834,0.169899999999501,-0.019604547016526253
281,146,1,Building_2_01_multi,0.9155334907294088,0.946312604349037,0.9449060808417837,desktop,0.3811999999996374,0.48759999999958836,0.2269000000012511,4.219499999997822,1.0739999999991312,3.145499999998691,0.7322999999992419,2.1654999999967117,1.8370999999994808,0.13580000000246173,-0.03077911361962815
282,147,0,Building_2_01_multi,0.8915384089151046,0.8901146139259176,0.8912583392401218,desktop,0.3929999999989775,0.6978999999986968,0.28919999999743595,4.310100000004979,1.0451000000024635,3.265000000002516,0.8141000000030374,6.4109999999999445,1.7201000000000022,0.166199999998895,0.0014237949891869883
283,147,1,Building_2_01_multi,0.8800227959361742,0.8934106268693409,0.8927495381694787,desktop,0.3695999999990818,0.6379000000009682,0.33110000000036166,4.1538000000009845,1.0489000000006854,3.104900000000299,0.7348999999976513,6.804100000000091,1.9182999999998174,0.16049999999978581,-0.013387830933166756
284,148,0,Building_2_01_multi,0.9095369165515248,0.9455131299790848,0.9452198852294066,desktop,0.3471000000025981,0.4826999999991699,0.2210000000033574,4.274599999998685,1.0856999999973027,3.1889000000013823,0.7086000000029458,2.3447999999994806,1.7166999999993493,0.09490000000056398,-0.03597621342755997
285,148,1,Building_2_01_multi,0.913275437729745,0.938063395753178,0.9376404833445503,desktop,0.34610000000157015,0.4866000000021131,0.3221999999993841,4.212800000001238,1.0714000000007218,3.141400000000516,0.7117999999977087,2.1790999999993232,1.7844000000017957,0.10870000000196,-0.024787958023433032
286,149,0,Building_2_01_multi,0.8865511134032222,0.8813148863247418,0.8823335926991898,desktop,0.343100000002039,0.4886000000006163,0.33849999999802094,4.267499999997426,1.0749999999966064,3.1925000000008197,0.7353999999999417,7.087399999999633,1.87790000000021,0.13850000000203977,0.005236227078480482
287,149,1,Building_2_01_multi,0.8948440591813882,0.8764201748537752,0.8782543390714869,desktop,0.3486000000023637,0.49480000000201585,0.22239999999840165,4.212700000000069,1.0764999999999247,3.1362000000001444,0.7125000000023363,6.268099999999777,1.7067999999973438,0.16280000000179484,0.018423884327612994
288,150,0,Building_2_01_multi,0.8322626201589155,0.9299907793988254,0.9291837671973804,desktop,0.3588000000007696,0.48579999999986967,0.30410000000102855,4.068199999995414,1.134599999996766,2.9335999999986484,0.9221999999979857,5.176799999997428,1.7551999999980694,0.11170000000149116,-0.09772815923990985
289,150,1,Building_2_01_multi,0.8392716240419726,0.9263656748733397,0.9266445532200553,desktop,0.3989000000004239,0.48149999999935744,0.1965000000012651,4.1261000000005765,1.1727999999990857,2.953300000001491,0.9970999999993069,4.459900000000516,1.7028000000003374,0.10440000000144778,-0.08709405083136701
290,151,0,Building_2_01_multi,0.7858271458423891,0.8433686272784062,0.8440216104150745,desktop,0.3607999999992728,0.48130000000057294,0.32900000000068985,3.9869999999986305,1.0664999999967506,2.92050000000188,0.9783999999974924,7.514199999999249,1.6435999999977469,0.11579999999966617,-0.05754148143601712
291,151,1,Building_2_01_multi,0.7931289243175128,0.8441276689602981,0.8429632758992935,desktop,0.35710000000221953,0.5120999999981279,0.3168999999978439,4.021999999999082,1.079499999999456,2.942499999999626,0.9002000000002397,7.492100000000335,1.6403999999994312,0.12339999999966267,-0.05099874464278531
292,152,0,Building_2_01_multi,0.8224008030819661,0.9033013327300217,0.9025454565979123,desktop,0.3948999999998648,0.49089999999907263,0.32560000000003697,4.037800000002534,1.1185000000004663,2.9193000000020675,0.9019999999999584,4.553800000000052,1.7203000000023394,0.08730000000056748,-0.08090052964805561
293,152,1,Building_2_01_multi,0.8139750190333273,0.8999881243000766,0.8999903777226254,desktop,0.37070000000127834,0.4920999999988851,0.4658000000006268,4.275500000002097,1.1273000000002753,3.1482000000018218,0.9470000000000312,5.338599999998195,1.722599999997243,0.11170000000149116,-0.08601310526674932
294,153,0,Building_2_01_multi,0.8067173711531582,0.8415451336134391,0.8452949577933458,desktop,0.37250000000099703,0.501899999999722,0.34250000000213277,4.352999999998275,1.1584000000013361,3.1945999999969388,0.9681999999990865,8.824699999998131,1.9320000000000448,0.12359999999844717,-0.03482776246028085
295,153,1,Building_2_01_multi,0.8021034286288883,0.8393706108469899,0.840655315587697,desktop,0.37890000000118107,0.4857000000022538,0.3261999999999432,4.330300000003007,1.1661000000025012,3.1642000000005055,0.9361000000005504,9.310100000000432,1.8679999999982044,0.11699999999947863,-0.03726718221810166
296,154,0,Building_2_01_multi,0.8147933755174955,0.8994729330495973,0.899972099077774,desktop,0.3544000000026415,0.4937999999974352,0.24120000000138475,3.268099999999663,0.9672000000016112,2.3008999999980517,0.9107000000021515,5.3957000000011135,1.837300000001818,0.11220000000022878,-0.08467955753210177
297,154,1,Building_2_01_multi,0.807556390862879,0.8958429939682944,0.8960087250343016,desktop,0.40389999999845827,0.4863999999997759,0.20519999999990546,4.023100000001278,1.1293999999999471,2.8937000000013313,0.9216000000016322,5.324200000000445,1.7017000000016935,0.11419999999873198,-0.08828660310541536
298,155,0,Building4_Example2,0.9781604365874874,0.9738030900086239,0.9738030900086239,desktop,0.38089999999968427,0.47779999999875145,0.2325000000027444,4.147899999995985,1.2048999999976218,2.9429999999983636,0.8686999999980571,4.67310000000154,1.8825999999982912,0.06769999999889365,0.004357346578863552
299,155,1,Building4_Example2,0.9734656699886703,0.9739027569017814,0.9739027569017814,desktop,0.37640000000038754,0.4522999999991839,0.22059999999868296,4.268100000000885,1.2275999999999954,3.0405000000008897,0.978499999998661,5.24120000000039,1.7778000000028271,0.07590000000234909,-0.0004370869131110622
300,156,0,Building4_Example2,0.9684880568105114,0.9742925844087162,0.9744834994970814,desktop,0.3514999999971735,0.4615000000001146,0.3714999999999691,3.340499999996638,0.9845999999988919,2.355899999997746,0.8839000000016028,5.973399999998463,1.7551999999980694,0.10729999999981032,-0.005804527598204823
301,156,1,Building4_Example2,0.9665462202459759,0.9737237280402182,0.972675071551173,desktop,0.3491999999987172,0.48530000000113205,0.1849999999983254,4.11510000000348,1.1570000000027392,2.9581000000007407,0.8809999999996876,5.96180000000146,1.889799999997166,0.10170000000186974,-0.0071775077942423104
302,157,0,Building4_Example2,0.969538796678981,0.9716957877860191,0.9717650306799723,desktop,0.3048000000021034,0.5615999999974974,0.41519999999906076,4.1575000000015905,1.2326000000015824,2.924900000000008,0.9502000000018995,5.653299999998751,1.7609999999983472,0.07979999999818688,-0.002156991107038042
303,157,1,Building4_Example2,0.9745295089720223,0.9724760084598167,0.9729646809679549,desktop,0.37670000000034065,0.4635999999997864,0.3187999999987312,4.166999999998922,1.2499999999988631,2.9170000000000584,0.9015999999988367,6.047900000002215,1.977899999999977,0.07340000000155555,0.0020535005122055416
304,158,0,Building4_Example2,0.9680332491167849,0.9760149448550025,0.9739715247822934,desktop,0.35929999999950724,0.453600000000165,0.22459999999924207,4.174899999998871,1.2164999999981774,2.958400000000694,1.0212000000002774,5.634000000000583,1.8665999999996075,0.06559999999922184,-0.007981695738217609
305,158,1,Building4_Example2,0.9631153602456091,0.9756870578276048,0.9739771812472804,desktop,0.3934000000000992,0.4863999999997759,0.2553000000027339,4.217600000000488,1.193900000000525,3.0236999999999625,0.9146999999991579,5.48700000000224,1.8013000000003387,0.08200000000258001,-0.012571697581995722
306,159,0,Building4_Example2,0.9719151677595232,0.9723428458565941,0.9721445188556157,desktop,0.3665999999995506,0.46829999999786764,0.21309999999985507,4.479699999997422,1.2183999999990647,3.261299999998357,1.0785999999995965,4.738699999997209,1.8779999999978259,0.09480000000294808,-0.00042767809707089377
307,159,1,Building4_Example2,0.9732052831684238,0.9729286893781143,0.973439701880342,desktop,0.3453999999969426,0.4577999999995086,0.22399999999933584,4.13870000000216,1.2103000000003306,2.9284000000018295,0.9797999999996421,4.561700000000002,1.9002000000014618,0.09870000000233858,0.0002765937903095317
308,160,0,Building7_Example,0.7882781137651061,0.9010954344427535,0.901211086683096,desktop,0.3506000000008669,0.4592999999992742,0.2116000000000895,4.1173999999983835,1.1678999999986672,2.9494999999997162,0.9820999999980984,10.044600000000514,1.8263999999987846,0.173200000002538,-0.11281732067764738
309,160,1,Building7_Example,0.7882987515595882,0.9034705169574014,0.9028655458623953,desktop,0.3951999999998179,0.46629999999936445,0.18910000000005311,4.105699999996659,1.1452999999974622,2.960399999999197,0.9633999999998366,8.940700000000135,1.8141999999983227,0.16700000000113846,-0.11517176539781326
310,161,0,Building7_Example,0.8012246609344137,0.8810696732513843,0.8812542756545643,desktop,0.32309999999924344,0.49140000000136297,0.4138999999980797,3.5279000000016936,1.0705000000008624,2.457400000000831,0.9064999999992551,7.36129999999946,1.794799999998986,0.08270000000010214,-0.07984501231697061
311,161,1,Building7_Example,0.7966051809224772,0.8839606626375094,0.8832465582648191,desktop,0.3564000000011447,0.4543999999988557,0.31170000000102505,4.188400000000314,1.239500000000504,2.94889999999981,0.9681000000014706,8.209900000000658,1.757600000001247,0.08060000000043033,-0.08735548171503216
312,162,0,Building7_Example,0.8362412511203532,0.9341092725338529,0.9345801384887054,desktop,0.34409999999951424,0.46460000000081436,0.25289999999955626,4.162099999998503,1.2286999999986392,2.933399999999864,0.9622000000000241,9.067100000002881,1.7723000000025024,0.09760000000014202,-0.0978680214134997
313,162,1,Building7_Example,0.8306272052871223,0.9354045266092159,0.9352716035700608,desktop,0.3640999999987571,0.4592000000016583,0.20849999999938973,4.167900000002334,1.2201000000011675,2.947800000001166,0.9690000000013299,13.654499999997682,1.8212999999995816,0.09019999999893002,-0.10477732132209361
314,163,0,Building7_Example,0.8452799893184664,0.902826583363314,0.9034356484470386,desktop,0.3871999999986997,0.4479999999986717,0.18180000000000973,4.046999999999912,1.1206000000001382,2.9263999999997736,0.9128999999994392,6.249600000000299,2.0226999999977124,0.08629999999953952,-0.05754659404484763
315,163,1,Building7_Example,0.8409690270245634,0.9014720602226903,0.9015681640674699,desktop,0.3527999999981546,0.4561999999985744,0.29230000000168843,3.356199999998921,0.9596999999992306,2.3964999999996905,0.8768999999979599,6.915599999999245,1.870100000001429,0.08280000000127075,-0.06050303319812689
316,164,0,Building7_Example,0.8906267978725112,0.949896394787053,0.949896394787053,desktop,0.3776000000002,0.49650000000056593,0.2080000000006521,4.05810000000173,1.140200000001812,2.917899999999918,1.1369999999999436,6.199399999999855,1.7649999999989063,0.14089999999811198,-0.05926959691454181
317,164,1,Building7_Example,0.8889761565905075,0.9531831063304419,0.9531831063304419,desktop,0.3473999999989985,0.45869999999936795,0.20539999999868996,4.047700000000987,1.1295000000011157,2.918199999999871,1.0808999999980529,5.482900000000512,1.8114999999987447,0.10449999999906368,-0.06420694973993435
318,165,0,Building7_Example6,0.8994603543250762,0.9151563458249306,0.9149288203023435,desktop,0.3527999999981546,0.6425000000014336,0.39010000000061495,4.071900000003126,0.9013000000024363,3.1706000000006895,0.7666000000021711,2.465999999998303,1.4760000000002549,0.043200000000354066,-0.015695991499854345
319,165,1,Building7_Example6,0.9053519313784258,0.9159313639940266,0.9159313640600718,desktop,0.3451000000005422,0.491799999998932,0.28740000000127,3.890500000000685,0.9240000000012571,2.966499999999428,0.7885000000023012,2.3313999999992063,1.7861000000003457,0.055599999999600414,-0.010579432615600792
320,166,0,Building7_Example6,0.9215315744261453,0.9327547399239634,0.9327547399239634,desktop,0.4144999999979859,0.49729999999925667,0.20659999999850243,4.07520000000261,1.1019999999994923,2.973200000003118,1.022700000000043,3.176200000002183,1.8264999999999532,0.060200000000065756,-0.0112231654978181
321,166,1,Building7_Example6,0.9231057513859643,0.9317063879858889,0.9317063879858889,desktop,0.35420000000030427,0.4841999999989355,0.204000000000093,4.0815000000016255,1.1179000000005601,2.9636000000010654,1.081199999998006,3.479200000001015,1.7604999999996096,0.05570000000076902,-0.008600636599924605
322,167,0,Building7_Example6,0.8943089386664024,0.9072168365967443,0.908369563504409,desktop,0.37269999999978154,0.44890000000208374,0.20719999999840866,4.724400000000628,1.2278999999963958,3.4965000000042323,1.0910000000023956,5.743900000005908,1.7743000000010056,0.05060000000156606,-0.012907897930341972
323,167,1,Building7_Example6,0.8969110691719598,0.9083460189455774,0.9078532028653019,desktop,0.3494999999986703,0.46669999999693346,0.22810000000106356,4.182999999997605,1.2201999999987834,2.962799999998822,1.1125000000049567,5.995300000002146,1.846100000001627,0.06649999999552847,-0.011434949773617586
324,168,0,Building7_Example6,0.9104244948484339,0.9315452104920003,0.9296671937598566,desktop,0.3147999999981721,0.4722000000043636,0.5218999999954121,4.344899999999541,1.1008000000032325,3.2440999999963083,1.0450000000048476,5.635699999999133,1.7808999999999742,0.07869999999599031,-0.021120715643566434
325,168,1,Building7_Example6,0.9132084344581594,0.9344179017348969,0.932521483872032,desktop,0.34469999999942047,0.48310000000384434,0.20080000000177733,4.0193000000030565,1.1160000000032255,2.903299999999831,0.995099999997251,6.525000000003445,1.7628999999956818,0.06830000000235259,-0.02120946727673756
326,169,0,Building7_Example6,0.9129324754263671,0.9253700501136609,0.9253700501136609,desktop,0.350100000005682,0.47459999999688307,0.2045999999964465,4.047499999998649,1.1545999999995615,2.892899999999088,1.0041000000029499,4.18990000000008,1.6624999999947931,0.07540000000005875,-0.012437574687293784
327,169,1,Building7_Example6,0.9168518332747241,0.9271188151743728,0.9265830849653263,desktop,0.3448000000005891,0.48569999999870106,0.20549999999985857,4.042299999994725,1.1358999999941943,2.906400000000531,0.9866999999985637,3.777100000000644,1.7326000000039699,0.07870000000309574,-0.010266981899648697
